investor_id,sip_transactions,first_sip_date,last_sip_date,avg_gap_days,max_gap_days,at_risk
INV00001,7,2022-11-25,2025-12-08,184.83333333333334,728,True
INV00003,6,2023-11-13,2026-02-20,166.0,315,True
INV00008,7,2022-01-21,2025-08-02,214.83333333333334,476,True
INV00009,7,2023-12-28,2026-05-15,144.83333333333334,281,True
INV00012,9,2022-01-08,2024-09-25,123.875,280,True
INV00014,6,2022-09-01,2026-05-08,269.0,708,True
INV00018,6,2023-09-03,2025-11-16,161.0,405,True
INV00021,10,2022-03-01,2025-11-27,151.88888888888889,337,True
INV00022,8,2023-03-30,2025-09-11,128.0,307,True
INV00023,7,2022-10-10,2026-04-11,213.16666666666666,598,True
INV00026,6,2022-01-24,2024-04-24,164.2,410,True
INV00029,6,2022-01-11,2026-05-12,316.4,566,True
INV00031,6,2022-05-14,2026-02-02,272.0,717,True
INV00032,6,2023-03-29,2026-04-30,225.6,436,True
INV00034,9,2022-05-26,2026-03-30,175.5,389,True
INV00036,8,2022-10-01,2026-03-18,180.57142857142858,341,True
INV00037,8,2022-06-10,2026-03-19,196.85714285714286,388,True
INV00039,6,2022-01-11,2023-04-13,91.4,314,True
INV00043,7,2022-01-30,2026-04-13,255.66666666666666,661,True
INV00044,7,2022-08-25,2026-05-01,224.16666666666666,706,True
INV00050,10,2023-01-31,2026-04-24,131.0,402,True
INV00051,12,2022-03-25,2026-05-07,136.72727272727272,329,True
INV00052,10,2022-03-09,2026-05-13,169.55555555555554,613,True
INV00056,8,2022-03-09,2026-04-26,215.57142857142858,622,True
INV00057,6,2022-01-29,2026-01-17,289.8,704,True
INV00060,7,2022-01-02,2025-04-14,199.66666666666666,725,True
INV00062,7,2023-04-22,2026-03-14,176.16666666666666,439,True
INV00063,7,2023-06-27,2026-04-29,172.83333333333334,428,True
INV00067,7,2023-01-25,2026-02-24,187.66666666666666,508,True
INV00073,7,2023-05-20,2026-01-05,160.16666666666666,434,True
INV00079,9,2022-01-18,2026-05-12,196.875,815,True
INV00085,6,2023-09-09,2026-03-12,183.0,312,True
INV00091,8,2022-08-08,2025-10-25,167.71428571428572,265,True
INV00093,8,2022-03-09,2025-09-30,185.85714285714286,652,True
INV00096,6,2022-03-27,2025-07-19,242.0,882,True
INV00098,8,2022-08-13,2025-10-19,166.14285714285714,412,True
INV00101,11,2022-03-03,2026-02-09,143.9,442,True
INV00105,6,2022-08-18,2026-01-09,248.0,563,True
INV00106,6,2022-02-14,2026-05-08,308.8,951,True
INV00110,6,2023-03-22,2026-05-16,230.2,450,True
INV00114,8,2022-09-28,2025-09-23,155.85714285714286,255,True
INV00116,10,2022-07-13,2025-12-23,139.88888888888889,247,True
INV00118,8,2022-10-09,2024-12-18,114.42857142857143,460,True
INV00121,7,2022-05-02,2025-10-31,213.0,537,True
INV00125,8,2022-04-15,2025-07-03,167.85714285714286,438,True
INV00126,6,2022-08-12,2025-09-11,225.2,693,True
INV00127,8,2022-06-11,2025-11-02,177.14285714285714,374,True
INV00129,6,2022-02-08,2024-08-25,185.8,446,True
INV00133,7,2022-06-01,2026-03-04,228.66666666666666,559,True
INV00134,6,2022-06-15,2025-03-30,203.8,413,True
INV00137,6,2023-01-30,2025-08-28,188.2,414,True
INV00141,6,2022-03-14,2026-01-31,283.8,660,True
INV00147,7,2022-12-23,2026-02-14,191.5,558,True
INV00148,10,2022-05-28,2025-06-25,124.88888888888889,209,True
INV00149,6,2022-10-15,2025-11-10,224.4,451,True
INV00150,9,2022-04-01,2026-03-26,181.875,572,True
INV00154,7,2022-08-11,2025-08-27,185.33333333333334,633,True
INV00155,6,2022-01-08,2025-10-26,277.4,435,True
INV00156,9,2022-02-16,2025-07-12,155.25,325,True
INV00157,6,2022-04-12,2025-11-12,262.0,710,True
INV00159,9,2022-03-18,2026-02-05,177.5,534,True
INV00161,8,2022-03-12,2025-04-24,162.71428571428572,426,True
INV00164,9,2022-10-22,2026-03-10,154.375,346,True
INV00165,8,2022-05-06,2025-12-15,188.42857142857142,347,True
INV00168,6,2022-03-14,2026-04-27,301.0,462,True
INV00169,6,2023-01-10,2026-01-09,219.0,436,True
INV00170,8,2022-06-29,2025-06-18,155.0,505,True
INV00178,8,2022-03-09,2024-10-15,135.85714285714286,236,True
INV00179,6,2023-01-26,2025-11-18,205.4,412,True
INV00181,6,2022-02-14,2025-10-20,268.8,490,True
INV00183,6,2022-07-17,2026-05-04,277.4,748,True
INV00186,6,2023-06-17,2026-01-27,191.0,393,True
INV00189,9,2022-01-15,2026-01-13,182.375,570,True
INV00190,8,2022-01-09,2025-09-21,193.0,460,True
INV00195,6,2022-01-25,2026-04-22,309.6,447,True
INV00197,6,2023-05-28,2026-01-18,193.2,590,True
INV00199,7,2023-04-09,2026-04-01,181.33333333333334,310,True
INV00201,8,2022-07-12,2025-08-06,160.14285714285714,335,True
INV00203,7,2022-03-07,2025-11-22,226.0,765,True
INV00204,6,2023-02-16,2025-05-03,161.4,328,True
INV00208,6,2022-01-12,2026-01-21,294.0,564,True
INV00209,6,2022-07-27,2026-05-19,278.4,735,True
INV00211,8,2022-05-09,2025-11-20,184.42857142857142,411,True
INV00217,9,2022-02-15,2026-03-19,186.625,390,True
INV00218,9,2022-01-08,2025-10-26,173.375,477,True
INV00219,10,2024-02-22,2025-10-11,66.33333333333333,187,True
INV00221,8,2022-11-26,2026-05-06,179.57142857142858,465,True
INV00222,7,2022-07-04,2026-05-18,235.66666666666666,357,True
INV00224,6,2022-02-06,2026-01-22,289.2,523,True
INV00230,7,2022-05-09,2025-04-07,177.33333333333334,431,True
INV00231,8,2022-04-01,2026-04-07,209.57142857142858,442,True
INV00232,10,2022-01-10,2026-01-13,162.66666666666666,585,True
INV00233,6,2022-06-10,2025-06-02,217.6,579,True
INV00234,9,2022-01-13,2026-04-27,195.625,479,True
INV00235,8,2022-01-31,2025-12-28,203.85714285714286,392,True
INV00236,6,2022-07-20,2026-02-27,263.6,766,True
INV00239,9,2022-04-11,2025-12-11,167.5,407,True
INV00242,9,2022-05-11,2025-10-25,157.875,471,True
INV00243,7,2022-01-17,2025-06-03,205.5,315,True
INV00245,9,2022-09-16,2026-01-02,150.5,344,True
INV00246,6,2022-08-24,2024-08-28,147.0,183,True
INV00251,6,2022-03-29,2025-09-16,253.4,442,True
INV00253,6,2022-07-19,2025-09-30,233.8,623,True
INV00255,6,2022-07-16,2025-08-11,224.4,555,True
INV00257,6,2022-01-17,2026-04-08,308.4,490,True
INV00263,6,2022-04-18,2025-12-22,268.8,617,True
INV00264,7,2022-07-09,2025-09-13,193.66666666666666,285,True
INV00265,6,2022-01-13,2025-02-28,228.4,397,True
INV00266,11,2022-03-23,2025-11-22,134.0,347,True
INV00268,6,2022-01-06,2025-09-18,270.2,399,True
INV00271,7,2022-06-18,2025-08-21,193.33333333333334,656,True
INV00273,7,2022-10-30,2026-01-12,195.0,419,True
INV00275,6,2023-06-05,2026-02-14,197.0,398,True
INV00276,8,2022-05-18,2026-05-06,207.0,758,True
INV00277,7,2022-08-02,2026-04-05,223.66666666666666,529,True
INV00279,11,2022-03-23,2025-10-25,131.2,530,True
INV00289,7,2023-02-15,2026-05-03,195.5,497,True
INV00290,6,2023-02-08,2026-03-27,228.6,622,True
INV00292,6,2022-04-16,2024-06-02,155.6,284,True
INV00293,7,2022-02-26,2025-02-08,179.66666666666666,314,True
INV00294,8,2022-12-07,2025-04-30,125.0,308,True
INV00295,8,2022-01-28,2025-09-07,188.28571428571428,583,True
INV00296,6,2022-08-17,2026-01-08,248.0,520,True
INV00298,6,2023-07-28,2026-02-04,184.4,403,True
INV00307,6,2022-03-12,2025-09-11,255.8,524,True
INV00310,7,2022-05-09,2026-04-07,238.16666666666666,795,True
INV00312,7,2022-01-31,2026-01-15,240.83333333333334,654,True
INV00315,7,2022-07-09,2025-11-18,204.66666666666666,473,True
INV00316,8,2022-06-15,2025-01-29,137.0,407,True
INV00318,6,2024-01-01,2025-10-04,128.4,263,True
INV00322,8,2023-01-16,2026-05-01,171.57142857142858,1042,True
INV00325,6,2022-05-22,2026-01-15,266.8,686,True
INV00327,7,2022-05-25,2025-11-22,212.83333333333334,420,True
INV00332,8,2022-01-17,2025-04-04,167.57142857142858,366,True
INV00334,8,2022-03-08,2026-02-05,204.28571428571428,438,True
INV00336,6,2022-07-08,2025-09-22,234.4,535,True
INV00337,7,2022-04-10,2025-11-11,218.5,505,True
INV00342,6,2022-01-07,2026-01-24,295.6,575,True
INV00343,7,2022-05-17,2026-03-20,233.83333333333334,423,True
INV00344,7,2023-10-18,2025-05-01,93.5,202,True
INV00346,6,2022-05-01,2026-04-27,291.4,535,True
INV00348,7,2022-02-24,2026-04-24,253.33333333333334,564,True
INV00349,7,2022-06-18,2026-01-15,217.83333333333334,529,True
INV00351,7,2022-03-15,2025-09-05,211.66666666666666,443,True
INV00366,6,2022-05-08,2026-03-24,283.2,825,True
INV00377,8,2022-06-26,2026-01-29,187.57142857142858,445,True
INV00380,8,2022-05-06,2025-08-13,170.71428571428572,311,True
INV00382,8,2022-01-25,2026-02-28,213.57142857142858,581,True
INV00384,7,2022-06-29,2026-02-23,222.5,427,True
INV00387,6,2024-02-28,2025-12-18,131.8,416,True
INV00389,7,2022-04-05,2026-05-10,249.33333333333334,834,True
INV00391,7,2023-04-01,2025-04-29,126.5,307,True
INV00392,6,2022-11-29,2026-01-29,231.4,576,True
INV00393,7,2022-01-13,2026-02-06,247.5,388,True
INV00395,8,2022-10-28,2026-05-16,185.14285714285714,536,True
INV00400,7,2022-01-22,2026-04-01,255.0,450,True
INV00405,6,2022-01-22,2025-05-21,243.0,377,True
INV00407,6,2022-07-03,2025-03-24,199.0,549,True
INV00408,7,2023-04-08,2026-04-10,183.0,400,True
INV00409,6,2023-12-18,2025-08-27,123.6,234,True
INV00411,6,2022-12-03,2026-01-10,226.8,337,True
INV00412,7,2022-02-16,2026-04-24,254.66666666666666,595,True
INV00415,6,2022-12-09,2026-03-24,240.2,507,True
INV00416,7,2024-01-24,2026-02-11,124.83333333333333,219,True
INV00417,7,2022-03-29,2025-12-30,228.66666666666666,468,True
INV00421,8,2022-05-17,2025-04-03,150.28571428571428,386,True
INV00424,8,2022-11-10,2026-01-15,166.0,319,True
INV00425,6,2022-07-08,2026-05-06,279.6,599,True
INV00427,6,2022-09-13,2025-05-21,196.2,510,True
INV00428,9,2022-07-02,2025-11-19,154.5,365,True
INV00440,8,2023-03-08,2026-02-18,154.0,439,True
INV00449,7,2022-06-24,2026-02-21,223.0,467,True
INV00450,6,2022-06-13,2025-04-10,206.4,433,True
INV00451,6,2022-05-19,2026-04-08,284.0,516,True
INV00455,12,2022-04-04,2025-10-30,118.63636363636364,558,True
INV00457,9,2022-01-13,2025-07-31,161.875,529,True
INV00462,6,2022-07-28,2025-08-30,225.8,557,True
INV00464,6,2022-08-11,2024-11-19,166.2,290,True
INV00469,8,2022-03-04,2026-05-03,217.28571428571428,958,True
INV00475,7,2023-04-29,2026-04-13,180.0,419,True
INV00476,6,2022-09-24,2026-01-30,244.8,887,True
INV00477,7,2022-01-09,2025-08-27,221.0,365,True
INV00480,7,2022-11-27,2026-04-28,208.0,413,True
INV00487,6,2022-01-05,2025-12-26,290.2,874,True
INV00497,7,2022-10-10,2024-03-27,89.0,247,True
INV00500,6,2022-08-13,2025-07-19,214.2,421,True
INV00501,6,2022-01-12,2025-10-15,274.4,539,True
INV00502,6,2022-03-14,2025-08-18,250.6,361,True
INV00505,6,2022-07-13,2023-11-27,100.4,197,True
INV00510,7,2022-03-18,2026-04-14,248.0,378,True
INV00514,8,2022-10-01,2024-10-22,107.42857142857143,208,True
INV00515,6,2023-04-19,2025-10-15,182.0,390,True
INV00516,6,2023-12-16,2025-03-23,92.6,211,True
INV00517,7,2022-04-03,2026-04-14,245.33333333333334,394,True
INV00519,6,2022-09-05,2025-12-06,237.6,690,True
INV00529,6,2022-08-25,2026-04-18,266.4,397,True
INV00530,8,2023-09-01,2026-01-20,124.57142857142857,219,True
INV00535,6,2022-07-08,2025-12-14,251.0,492,True
INV00539,6,2022-01-31,2025-10-15,270.6,566,True
INV00540,6,2022-04-30,2026-01-12,270.6,557,True
INV00543,7,2022-12-25,2025-12-02,178.83333333333334,383,True
INV00547,6,2023-06-29,2025-09-01,159.0,329,True
INV00549,6,2023-11-04,2026-04-18,179.2,414,True
INV00550,7,2022-09-11,2025-06-29,170.33333333333334,546,True
INV00555,11,2023-01-10,2026-04-03,117.9,285,True
INV00558,6,2022-03-02,2026-03-26,297.0,815,True
INV00559,6,2024-05-15,2026-04-03,137.6,338,True
INV00562,8,2022-01-09,2025-10-14,196.28571428571428,526,True
INV00564,10,2022-03-24,2026-01-09,154.11111111111111,506,True
INV00566,6,2023-06-29,2025-11-27,176.4,548,True
INV00574,6,2022-03-03,2026-02-10,288.0,400,True
INV00576,10,2022-01-09,2026-03-22,170.33333333333334,324,True
INV00578,8,2022-06-01,2026-02-01,191.57142857142858,342,True
INV00582,7,2022-06-02,2025-12-11,214.66666666666666,451,True
INV00583,6,2022-09-06,2023-11-20,88.0,226,True
INV00584,11,2022-06-16,2025-12-02,126.5,365,True
INV00585,7,2022-02-09,2025-11-19,229.83333333333334,511,True
INV00587,9,2022-03-10,2025-08-31,158.75,316,True
INV00590,7,2022-06-05,2026-03-03,227.83333333333334,421,True
INV00596,6,2023-02-19,2026-01-26,214.4,343,True
INV00599,7,2022-01-23,2026-03-31,254.66666666666666,347,True
INV00600,9,2022-02-26,2026-02-09,180.5,462,True
INV00604,6,2022-01-17,2026-04-27,312.2,655,True
INV00613,9,2022-01-29,2025-01-17,135.5,475,True
INV00616,8,2022-11-12,2026-02-20,170.85714285714286,421,True
INV00618,6,2022-12-18,2025-06-23,183.6,549,True
INV00620,6,2022-01-09,2025-04-20,239.4,550,True
INV00621,7,2022-09-30,2026-02-17,206.0,465,True
INV00628,9,2022-04-18,2026-02-05,173.625,413,True
INV00632,7,2022-03-17,2025-09-03,211.0,617,True
INV00633,6,2022-06-29,2025-11-16,247.2,796,True
INV00634,6,2022-01-20,2025-12-02,282.4,483,True
INV00636,6,2023-07-05,2026-03-29,199.6,636,True
INV00639,7,2023-08-21,2025-06-07,109.33333333333333,238,True
INV00642,7,2023-02-18,2026-02-14,182.0,341,True
INV00643,7,2022-02-17,2025-12-21,233.83333333333334,555,True
INV00644,7,2022-08-12,2026-04-07,222.33333333333334,808,True
INV00646,8,2023-05-14,2025-08-04,116.14285714285714,204,True
INV00647,8,2022-05-29,2026-02-18,194.42857142857142,361,True
INV00648,6,2023-01-12,2026-05-02,241.2,501,True
INV00651,8,2022-03-08,2025-06-02,168.85714285714286,609,True
INV00656,6,2023-02-22,2026-05-07,234.0,510,True
INV00657,7,2022-01-13,2024-09-07,161.33333333333334,740,True
INV00665,8,2022-10-14,2025-11-28,163.0,320,True
INV00667,6,2022-09-18,2024-10-15,151.6,303,True
INV00672,13,2023-01-19,2026-04-29,99.66666666666667,218,True
INV00673,6,2022-02-10,2026-05-09,309.8,612,True
INV00674,8,2022-06-01,2025-09-13,171.42857142857142,393,True
INV00675,8,2023-06-03,2025-10-23,124.71428571428571,262,True
INV00677,6,2022-05-27,2024-12-18,187.2,719,True
INV00679,7,2022-03-10,2026-04-18,250.0,513,True
INV00682,7,2023-03-16,2025-10-03,155.33333333333334,432,True
INV00683,6,2022-02-10,2025-07-30,253.2,406,True
INV00688,7,2022-01-02,2026-05-02,263.5,581,True
INV00695,7,2022-01-29,2025-09-30,223.33333333333334,328,True
INV00696,6,2022-02-07,2024-09-16,190.4,472,True
INV00698,11,2022-01-29,2026-04-02,152.4,377,True
INV00700,8,2022-09-22,2025-08-29,153.14285714285714,403,True
INV00701,7,2022-09-29,2026-05-10,219.83333333333334,426,True
INV00702,6,2022-01-09,2025-10-02,272.4,494,True
INV00705,6,2023-04-24,2025-12-06,191.4,415,True
INV00706,9,2022-02-14,2025-12-25,176.25,534,True
INV00707,8,2022-05-15,2026-04-19,205.0,459,True
INV00710,7,2022-03-26,2025-05-09,190.0,345,True
INV00712,6,2023-10-27,2026-02-16,168.6,466,True
INV00715,7,2022-08-01,2026-02-27,217.66666666666666,430,True
INV00717,9,2022-12-20,2025-10-14,128.625,403,True
INV00725,8,2022-01-10,2025-04-20,170.85714285714286,466,True
INV00728,7,2022-01-25,2025-08-17,216.66666666666666,317,True
INV00729,7,2023-04-28,2026-04-14,180.33333333333334,284,True
INV00732,9,2022-08-06,2024-11-23,105.0,220,True
INV00734,7,2022-12-10,2025-12-05,181.83333333333334,514,True
INV00736,7,2022-03-26,2025-12-25,228.33333333333334,538,True
INV00738,7,2022-03-11,2025-09-29,216.33333333333334,609,True
INV00740,8,2022-02-12,2025-04-26,167.0,559,True
INV00741,8,2022-05-20,2026-02-08,194.28571428571428,640,True
INV00745,9,2022-04-12,2025-02-04,128.625,385,True
INV00747,7,2022-11-11,2025-06-18,158.33333333333334,529,True
INV00752,6,2023-10-18,2026-03-04,173.6,273,True
INV00756,7,2022-05-17,2026-04-09,237.16666666666666,518,True
INV00757,6,2023-01-20,2024-12-30,142.0,322,True
INV00760,8,2022-02-19,2026-02-23,209.28571428571428,512,True
INV00761,9,2022-01-05,2025-12-31,182.0,435,True
INV00762,6,2022-04-20,2025-10-15,254.8,610,True
INV00763,8,2022-03-20,2026-03-23,209.14285714285714,578,True
INV00766,6,2022-01-04,2026-04-16,312.6,501,True
INV00782,7,2024-02-10,2026-03-16,127.5,165,True
INV00794,6,2022-03-04,2024-11-27,199.8,719,True
INV00796,6,2023-02-04,2026-04-17,233.6,469,True
INV00799,8,2022-01-10,2026-02-07,212.71428571428572,604,True
INV00800,6,2022-08-31,2025-11-15,234.4,584,True
INV00804,8,2023-03-12,2025-12-03,142.42857142857142,495,True
INV00806,9,2022-06-09,2026-02-28,170.0,412,True
INV00807,6,2022-03-20,2026-02-02,283.0,833,True
INV00808,7,2022-03-29,2024-08-18,145.5,443,True
INV00810,6,2022-07-30,2025-12-07,245.2,618,True
INV00811,6,2022-04-15,2025-02-01,204.6,426,True
INV00818,8,2022-02-22,2025-12-05,197.42857142857142,398,True
INV00819,7,2022-05-01,2025-11-28,217.83333333333334,436,True
INV00821,8,2022-01-19,2025-08-03,184.57142857142858,410,True
INV00827,8,2022-05-27,2026-04-22,203.71428571428572,303,True
INV00831,9,2022-10-09,2026-03-18,157.0,279,True
INV00836,7,2022-03-01,2025-11-01,223.5,481,True
INV00848,6,2022-11-10,2025-10-30,217.0,502,True
INV00850,7,2023-05-15,2026-03-27,174.5,616,True
INV00856,7,2022-01-26,2026-02-21,247.83333333333334,460,True
INV00857,6,2022-06-30,2024-05-08,135.6,379,True
INV00862,6,2022-01-23,2026-04-01,305.8,586,True
INV00864,8,2022-08-01,2026-04-14,193.14285714285714,333,True
INV00866,7,2022-05-13,2026-03-26,235.5,383,True
INV00868,10,2022-03-01,2026-01-09,156.66666666666666,350,True
INV00870,6,2022-11-23,2026-02-12,235.4,475,True
INV00875,8,2022-03-02,2026-04-05,213.57142857142858,685,True
INV00876,7,2022-11-24,2025-10-02,173.83333333333334,343,True
INV00879,8,2022-03-08,2025-10-11,187.57142857142858,537,True
INV00881,7,2023-03-25,2026-02-26,178.16666666666666,410,True
INV00882,6,2022-01-26,2026-01-27,292.4,965,True
INV00883,6,2022-05-15,2025-11-22,257.4,576,True
INV00884,8,2022-11-25,2025-07-24,138.85714285714286,513,True
INV00886,6,2022-02-23,2025-11-23,273.8,495,True
INV00887,6,2022-03-19,2025-09-22,256.6,470,True
INV00889,6,2022-01-11,2026-03-25,306.8,531,True
INV00890,8,2022-03-26,2025-12-31,196.57142857142858,517,True
INV00892,6,2022-05-27,2026-01-28,268.4,593,True
INV00901,7,2023-02-15,2025-02-13,121.5,430,True
INV00905,8,2022-03-29,2025-09-10,180.14285714285714,781,True
INV00913,7,2023-11-26,2026-04-04,143.33333333333334,314,True
INV00919,7,2022-03-26,2026-05-11,251.16666666666666,493,True
INV00924,6,2023-07-23,2025-04-07,124.8,372,True
INV00925,8,2023-05-03,2026-02-01,143.57142857142858,429,True
INV00928,6,2022-01-24,2026-04-20,309.4,736,True
INV00931,6,2022-10-15,2025-04-26,184.8,386,True
INV00932,8,2022-04-08,2025-12-20,193.14285714285714,390,True
INV00938,7,2023-01-26,2026-01-15,180.83333333333334,351,True
INV00940,6,2022-03-03,2023-06-17,94.2,204,True
INV00943,8,2022-01-13,2026-03-10,216.71428571428572,402,True
INV00944,6,2022-03-31,2025-11-26,267.2,481,True
INV00954,6,2022-06-25,2024-05-26,140.2,274,True
INV00958,7,2022-06-21,2026-03-23,228.5,712,True
INV00961,9,2022-05-07,2025-10-07,156.125,366,True
INV00968,6,2023-08-25,2026-03-23,188.2,380,True
INV00972,6,2022-06-02,2025-12-31,261.6,492,True
INV00977,9,2022-09-26,2025-11-24,144.375,357,True
INV00978,6,2023-12-09,2026-04-09,170.4,399,True
INV00981,7,2022-05-24,2025-09-04,199.83333333333334,397,True
INV00982,7,2022-05-12,2026-03-18,234.33333333333334,729,True
INV00983,7,2022-07-31,2026-04-20,226.5,558,True
INV00984,9,2022-06-04,2025-03-23,127.875,342,True
INV00986,8,2023-08-21,2025-10-29,114.28571428571429,342,True
INV00988,6,2022-11-07,2025-08-10,201.4,381,True
INV00989,10,2022-08-17,2026-02-05,140.88888888888889,300,True
INV00992,7,2022-09-18,2026-01-08,201.33333333333334,383,True
INV00996,7,2022-08-16,2026-05-02,225.83333333333334,402,True
INV00999,8,2022-01-23,2025-05-31,174.85714285714286,418,True
INV01000,6,2023-01-29,2026-01-02,213.8,365,True
INV01001,7,2022-02-26,2024-07-17,145.33333333333334,457,True
INV01004,7,2022-06-12,2026-04-08,232.66666666666666,702,True
INV01009,6,2022-04-28,2026-03-15,283.4,874,True
INV01016,6,2022-08-30,2025-12-18,241.2,562,True
INV01023,7,2022-07-27,2026-05-12,230.83333333333334,462,True
INV01028,9,2022-03-15,2026-04-01,184.75,753,True
INV01033,11,2022-05-30,2026-05-01,143.2,772,True
INV01034,6,2022-02-19,2026-04-28,305.8,1020,True
INV01035,6,2022-05-19,2026-03-11,278.4,679,True
INV01037,7,2022-02-09,2025-10-14,223.83333333333334,425,True
INV01038,8,2022-04-27,2026-05-16,211.42857142857142,602,True
INV01039,7,2022-06-12,2026-01-02,216.66666666666666,315,True
INV01041,6,2022-07-27,2026-03-10,264.4,591,True
INV01045,9,2022-04-04,2025-10-08,160.375,407,True
INV01046,6,2022-10-26,2025-10-27,219.4,585,True
INV01047,7,2022-06-22,2026-02-11,221.66666666666666,935,True
INV01050,6,2022-01-29,2026-05-15,313.4,610,True
INV01052,7,2022-08-20,2025-08-28,184.0,530,True
INV01053,8,2022-05-25,2026-04-19,203.57142857142858,484,True
INV01057,7,2022-04-06,2025-12-02,222.66666666666666,397,True
INV01062,9,2022-06-26,2026-01-05,161.125,352,True
INV01063,7,2023-06-21,2026-04-21,172.5,350,True
INV01066,7,2023-02-01,2025-10-28,166.66666666666666,366,True
INV01067,9,2022-01-15,2026-03-03,188.5,477,True
INV01069,6,2023-11-20,2025-10-19,139.8,317,True
INV01075,6,2022-11-20,2025-04-03,173.0,375,True
INV01079,6,2023-08-19,2026-02-10,181.2,276,True
INV01080,10,2022-02-15,2026-05-06,171.22222222222223,426,True
INV01085,6,2022-04-20,2026-02-12,278.8,795,True
INV01088,7,2022-12-20,2025-02-12,130.83333333333334,225,True
INV01093,7,2023-11-18,2026-04-11,145.83333333333334,366,True
INV01095,7,2022-06-13,2026-05-06,237.16666666666666,555,True
INV01098,6,2022-03-04,2025-05-18,234.2,331,True
INV01099,6,2023-05-09,2025-06-05,151.6,302,True
INV01102,6,2023-10-22,2025-12-18,157.6,277,True
INV01112,9,2022-06-12,2025-08-13,144.75,269,True
INV01116,9,2022-02-19,2025-08-23,160.125,736,True
INV01118,9,2022-08-14,2025-06-25,130.75,410,True
INV01126,6,2023-04-08,2025-04-18,148.2,400,True
INV01129,6,2022-07-29,2025-11-18,241.6,463,True
INV01131,9,2022-03-08,2026-01-10,175.5,612,True
INV01132,6,2022-04-01,2026-05-01,298.2,469,True
INV01133,6,2022-01-22,2025-04-17,236.2,671,True
INV01134,11,2022-03-22,2026-01-24,140.4,421,True
INV01138,7,2022-04-16,2025-02-09,171.66666666666666,278,True
INV01142,6,2022-01-09,2026-01-01,290.6,903,True
INV01147,8,2022-02-24,2025-11-08,193.28571428571428,529,True
INV01149,6,2022-08-15,2026-04-16,268.0,552,True
INV01156,6,2023-04-25,2026-02-15,205.4,664,True
INV01158,9,2022-03-22,2026-03-24,182.875,511,True
INV01159,6,2022-08-30,2025-08-05,214.2,324,True
INV01163,8,2022-01-15,2026-04-18,222.0,637,True
INV01166,6,2022-07-10,2026-04-02,272.4,715,True
INV01169,8,2023-01-26,2026-02-21,160.28571428571428,295,True
INV01173,6,2023-08-04,2025-09-23,156.2,336,True
INV01176,7,2022-08-21,2026-03-08,215.83333333333334,692,True
INV01182,9,2022-03-27,2024-08-02,107.375,309,True
INV01184,6,2022-03-06,2024-08-02,176.0,243,True
INV01186,11,2022-03-01,2024-11-30,100.5,234,True
INV01188,7,2022-09-27,2025-11-20,191.66666666666666,573,True
INV01192,8,2022-09-17,2026-01-22,174.71428571428572,673,True
INV01193,6,2023-03-12,2026-03-26,222.0,500,True
INV01199,7,2023-01-13,2024-10-14,106.66666666666667,319,True
INV01205,6,2022-01-11,2026-01-13,292.6,620,True
INV01206,6,2022-08-15,2025-09-05,223.4,617,True
INV01209,6,2023-02-08,2026-04-25,234.4,395,True
INV01214,6,2022-03-07,2026-02-14,288.0,959,True
INV01216,7,2022-07-24,2026-04-09,225.83333333333334,550,True
INV01218,6,2022-12-05,2025-11-30,218.2,472,True
INV01223,8,2022-08-31,2026-05-19,193.85714285714286,821,True
INV01229,12,2022-09-27,2026-01-09,109.0909090909091,358,True
INV01231,6,2022-01-23,2025-05-19,242.4,805,True
INV01237,6,2022-08-03,2024-05-24,132.0,276,True
INV01239,6,2022-07-04,2025-07-26,223.6,646,True
INV01243,6,2022-05-22,2025-07-10,229.0,548,True
INV01244,7,2022-02-13,2024-09-19,158.16666666666666,274,True
INV01245,8,2022-01-08,2025-12-12,204.85714285714286,541,True
INV01251,6,2022-05-08,2026-01-31,272.8,610,True
INV01253,9,2022-05-27,2026-05-06,180.0,319,True
INV01254,9,2022-05-06,2025-07-28,147.375,282,True
INV01255,9,2022-05-30,2025-05-24,136.25,529,True
INV01256,7,2022-03-30,2026-02-19,237.0,571,True
INV01257,10,2022-03-26,2026-02-04,156.77777777777777,427,True
INV01258,6,2022-02-11,2024-03-11,151.8,282,True
INV01265,8,2022-08-16,2026-03-29,188.71428571428572,431,True
INV01271,6,2023-02-13,2025-06-28,173.2,232,True
INV01273,7,2022-01-21,2025-04-30,199.16666666666666,310,True
INV01276,8,2023-06-05,2025-12-08,131.0,393,True
INV01279,8,2024-03-14,2025-07-10,69.0,129,True
INV01280,10,2022-06-27,2026-04-29,155.77777777777777,630,True
INV01284,7,2022-01-26,2024-07-14,150.0,467,True
INV01287,6,2022-05-27,2025-04-26,213.0,338,True
INV01290,7,2023-01-04,2025-10-12,168.66666666666666,411,True
INV01292,8,2022-05-03,2026-02-28,199.57142857142858,367,True
INV01295,6,2022-06-30,2025-07-02,219.6,441,True
INV01298,6,2022-03-22,2026-02-20,286.2,1287,True
INV01300,6,2022-03-06,2025-04-19,228.0,391,True
INV01301,8,2022-08-16,2026-03-31,189.0,617,True
INV01303,7,2022-07-04,2026-04-08,229.0,308,True
INV01306,6,2022-04-25,2025-01-13,198.8,511,True
INV01319,8,2022-04-21,2025-12-24,191.85714285714286,389,True
INV01321,6,2022-03-10,2024-06-25,167.6,223,True
INV01322,6,2022-04-14,2024-12-22,196.6,451,True
INV01325,8,2022-03-06,2026-05-10,218.0,573,True
INV01329,6,2022-06-03,2026-05-15,288.4,756,True
INV01330,9,2022-02-27,2026-02-23,182.125,375,True
INV01334,7,2022-07-27,2025-10-19,196.66666666666666,506,True
INV01339,7,2022-06-10,2025-10-01,201.5,408,True
INV01340,6,2022-02-10,2026-03-19,299.6,540,True
INV01341,6,2022-05-15,2026-04-05,284.2,678,True
INV01345,6,2022-09-06,2025-03-09,183.0,728,True
INV01351,8,2022-04-15,2026-01-02,194.0,442,True
INV01354,6,2022-05-03,2026-05-05,292.6,1005,True
INV01355,6,2022-06-07,2025-07-16,227.0,529,True
INV01357,6,2023-04-18,2025-03-11,138.6,320,True
INV01361,9,2023-02-25,2026-04-24,144.25,390,True
INV01364,10,2022-03-01,2026-02-12,160.44444444444446,630,True
INV01365,7,2022-01-24,2026-03-14,251.66666666666666,894,True
INV01366,9,2022-07-19,2026-01-19,160.0,263,True
INV01367,7,2022-05-23,2026-02-10,226.5,562,True
INV01371,6,2022-09-08,2025-05-02,193.4,446,True
INV01375,7,2022-04-13,2025-08-11,202.66666666666666,421,True
INV01376,8,2022-01-10,2025-04-17,170.42857142857142,333,True
INV01379,8,2022-08-27,2026-02-24,182.42857142857142,323,True
INV01380,6,2022-09-29,2026-02-08,245.6,510,True
INV01382,6,2023-07-22,2024-05-28,62.2,128,True
INV01383,7,2022-06-30,2025-02-13,159.83333333333334,249,True
INV01385,6,2022-07-01,2025-04-26,206.0,432,True
INV01389,6,2023-01-10,2026-01-02,217.6,385,True
INV01390,6,2024-01-06,2025-12-19,142.6,314,True
INV01391,6,2022-07-06,2026-04-29,278.6,647,True
INV01398,6,2022-09-28,2026-04-04,256.8,336,True
INV01399,7,2022-04-06,2026-04-24,246.5,464,True
INV01401,7,2022-10-13,2026-03-26,210.0,552,True
INV01403,10,2022-03-19,2024-09-18,101.55555555555556,392,True
INV01406,8,2023-04-12,2025-12-13,139.42857142857142,297,True
INV01408,6,2022-01-17,2025-11-03,277.2,657,True
INV01414,8,2024-01-22,2025-11-26,96.28571428571429,276,True
INV01417,6,2022-03-24,2024-12-19,200.2,328,True
INV01418,8,2022-05-03,2025-10-21,181.0,558,True
INV01419,6,2022-07-18,2026-05-12,278.8,452,True
INV01431,7,2023-01-18,2026-05-06,200.66666666666666,405,True
INV01438,6,2022-08-11,2025-12-07,242.8,699,True
INV01441,8,2022-04-28,2026-01-17,194.28571428571428,343,True
INV01443,6,2022-06-18,2025-10-21,244.2,632,True
INV01452,6,2022-06-05,2025-02-13,196.8,445,True
INV01453,6,2022-01-03,2025-07-01,255.0,386,True
INV01455,9,2022-03-03,2025-05-24,147.25,316,True
INV01456,7,2022-01-24,2026-02-19,247.83333333333334,699,True
INV01457,6,2022-09-28,2025-10-03,220.2,487,True
INV01459,6,2022-08-04,2026-02-20,259.2,586,True
INV01460,7,2022-04-25,2026-04-19,242.5,1080,True
INV01463,7,2022-05-16,2026-01-04,221.5,503,True
INV01472,7,2022-10-13,2026-05-19,219.0,639,True
INV01473,6,2022-07-13,2024-11-30,174.2,387,True
INV01475,9,2022-04-08,2025-08-25,154.375,420,True
INV01481,12,2022-04-02,2025-10-02,116.27272727272727,404,True
INV01483,7,2022-01-01,2024-11-28,177.0,401,True
INV01486,6,2023-08-07,2025-09-29,156.8,544,True
INV01487,6,2022-08-02,2025-05-29,206.2,383,True
INV01489,6,2023-06-09,2026-02-12,195.8,486,True
INV01492,7,2023-11-21,2026-03-09,139.83333333333334,349,True
INV01497,6,2023-06-24,2025-08-08,155.2,401,True
INV01498,6,2023-09-07,2026-02-11,177.6,289,True
INV01500,9,2022-11-08,2025-10-25,135.25,532,True
INV01501,7,2022-02-13,2026-01-20,239.5,638,True
INV01502,6,2022-03-03,2025-12-26,278.8,940,True
INV01504,7,2022-07-13,2026-03-08,222.33333333333334,688,True
INV01506,8,2022-03-10,2026-02-26,207.0,462,True
INV01507,6,2022-05-16,2026-01-01,265.2,575,True
INV01512,7,2023-01-05,2026-03-03,192.16666666666666,397,True
INV01514,6,2023-02-23,2025-08-17,181.2,463,True
INV01515,6,2022-01-06,2026-04-10,311.0,550,True
INV01522,7,2022-09-21,2025-07-20,172.16666666666666,470,True
INV01523,7,2022-11-01,2026-01-20,196.0,534,True
INV01524,7,2022-10-21,2026-02-16,202.33333333333334,822,True
INV01527,6,2022-01-12,2024-10-26,203.6,481,True
INV01528,6,2022-09-20,2026-01-11,241.8,623,True
INV01530,7,2022-05-10,2025-05-05,181.83333333333334,404,True
INV01531,9,2022-08-20,2026-05-03,169.0,489,True
INV01532,6,2022-12-16,2025-11-15,213.0,560,True
INV01533,9,2022-11-08,2025-11-07,136.875,355,True
INV01534,6,2022-02-02,2024-03-10,153.4,282,True
INV01535,7,2022-01-02,2025-07-27,217.0,512,True
INV01537,6,2022-10-14,2026-03-22,251.0,380,True
INV01538,7,2022-08-07,2026-02-01,212.33333333333334,422,True
INV01541,7,2022-01-26,2026-02-22,248.0,523,True
INV01549,9,2022-10-19,2025-12-12,143.75,306,True
INV01550,9,2022-04-29,2026-03-27,178.5,397,True
INV01552,6,2022-01-26,2024-05-18,168.6,534,True
INV01559,7,2023-04-16,2025-11-09,156.33333333333334,541,True
INV01565,11,2022-01-13,2025-09-11,133.7,442,True
INV01567,8,2022-07-09,2026-02-16,188.28571428571428,589,True
INV01568,6,2022-02-19,2026-03-06,295.2,1063,True
INV01571,8,2022-03-21,2026-05-02,214.71428571428572,392,True
INV01573,10,2022-12-10,2026-03-28,133.77777777777777,378,True
INV01575,6,2022-02-17,2025-10-05,265.2,499,True
INV01580,6,2022-07-12,2026-04-30,277.6,781,True
INV01582,7,2022-01-15,2026-03-25,255.0,578,True
INV01585,8,2022-01-31,2026-01-23,207.57142857142858,433,True
INV01587,7,2022-10-26,2025-12-29,193.33333333333334,334,True
INV01590,9,2023-09-13,2026-01-21,107.625,238,True
INV01591,9,2022-08-30,2025-07-21,132.0,266,True
INV01593,7,2022-01-05,2024-08-17,159.16666666666666,660,True
INV01596,7,2023-12-01,2025-08-22,105.0,345,True
INV01599,6,2022-05-03,2026-03-13,282.0,547,True
INV01601,9,2022-08-01,2025-10-21,147.125,437,True
INV01603,8,2022-03-18,2026-02-24,205.57142857142858,394,True
INV01605,6,2022-06-28,2025-05-03,208.0,230,True
INV01610,7,2022-02-16,2025-01-23,178.66666666666666,549,True
INV01614,9,2022-11-29,2026-01-14,142.75,583,True
INV01616,7,2022-09-27,2025-04-10,154.33333333333334,284,True
INV01619,8,2022-07-26,2025-11-07,171.42857142857142,431,True
INV01620,7,2022-03-10,2025-03-05,181.83333333333334,464,True
INV01623,7,2022-03-15,2026-04-05,247.0,558,True
INV01627,8,2022-03-04,2024-09-23,133.42857142857142,319,True
INV01628,6,2022-07-19,2026-01-29,258.0,486,True
INV01633,8,2022-08-12,2025-11-18,170.57142857142858,339,True
INV01634,6,2022-04-09,2026-03-03,284.8,530,True
INV01641,6,2022-12-30,2026-03-19,235.0,485,True
INV01642,6,2022-02-06,2025-11-22,277.0,777,True
INV01645,10,2022-08-13,2026-05-01,150.77777777777777,416,True
INV01649,6,2022-03-08,2026-03-25,295.6,814,True
INV01651,7,2022-01-08,2025-01-15,183.83333333333334,502,True
INV01652,8,2022-11-16,2026-01-28,167.0,381,True
INV01656,8,2022-03-27,2025-08-25,178.14285714285714,487,True
INV01662,6,2022-01-26,2025-09-11,264.8,617,True
INV01663,6,2022-11-21,2026-05-01,251.4,525,True
INV01664,7,2022-03-11,2026-03-25,245.83333333333334,749,True
INV01668,6,2022-10-02,2025-08-29,212.4,728,True
INV01669,7,2022-06-21,2025-11-04,205.33333333333334,655,True
INV01670,6,2022-01-18,2025-10-18,273.8,457,True
INV01672,7,2022-05-18,2026-05-06,241.5,530,True
INV01673,6,2022-02-08,2026-02-25,295.6,473,True
INV01676,7,2022-07-01,2025-12-28,212.66666666666666,424,True
INV01681,8,2022-02-25,2026-04-27,217.42857142857142,615,True
INV01684,7,2022-10-08,2025-12-01,191.66666666666666,536,True
INV01693,8,2022-03-02,2025-10-12,188.57142857142858,350,True
INV01696,6,2023-03-09,2025-10-28,192.8,711,True
INV01697,6,2023-04-01,2025-12-16,198.0,642,True
INV01698,6,2023-02-01,2024-09-30,121.4,303,True
INV01706,7,2022-08-01,2025-12-20,206.16666666666666,612,True
INV01716,7,2022-08-14,2026-04-13,223.0,689,True
INV01719,6,2023-06-24,2026-03-28,201.6,449,True
INV01721,6,2022-11-20,2026-05-05,252.4,516,True
INV01722,7,2022-06-02,2026-04-29,237.83333333333334,305,True
INV01723,8,2022-05-07,2026-03-28,203.0,619,True
INV01726,9,2022-02-24,2026-04-02,187.25,360,True
INV01731,6,2022-01-16,2026-01-25,294.0,541,True
INV01733,7,2022-09-13,2026-05-04,221.5,397,True
INV01734,7,2022-09-23,2026-02-12,206.33333333333334,633,True
INV01735,6,2022-05-17,2026-02-17,274.4,700,True
INV01738,6,2022-07-07,2025-03-06,194.6,526,True
INV01741,6,2022-03-14,2026-03-27,294.8,550,True
INV01742,6,2022-04-26,2026-04-27,292.4,658,True
INV01745,7,2022-01-26,2026-01-05,240.0,678,True
INV01749,6,2022-06-24,2025-12-25,256.0,428,True
INV01751,6,2023-10-18,2026-03-25,177.8,374,True
INV01754,6,2023-10-08,2026-03-07,176.2,566,True
INV01755,7,2023-05-27,2026-03-12,170.0,495,True
INV01758,7,2023-03-14,2025-12-19,168.5,399,True
INV01759,7,2022-03-25,2025-07-20,202.16666666666666,595,True
INV01762,6,2022-09-11,2026-03-06,254.4,657,True
INV01765,6,2022-06-16,2026-02-17,268.4,619,True
INV01766,6,2022-07-15,2025-10-22,239.0,499,True
INV01768,6,2022-11-11,2025-04-06,175.4,410,True
INV01769,9,2022-08-14,2025-11-12,148.25,326,True
INV01774,6,2023-08-29,2026-04-12,191.4,279,True
INV01779,7,2023-04-25,2026-04-30,183.5,387,True
INV01780,7,2022-02-11,2025-11-14,228.66666666666666,538,True
INV01781,6,2022-01-09,2025-09-30,272.0,484,True
INV01788,6,2023-02-13,2026-03-23,226.8,324,True
INV01794,7,2023-05-20,2026-05-14,181.66666666666666,598,True
INV01795,9,2023-01-16,2025-11-12,128.875,542,True
INV01796,7,2022-06-30,2026-04-02,228.66666666666666,725,True
INV01799,7,2022-11-09,2025-07-15,163.16666666666666,294,True
INV01800,6,2022-04-05,2025-07-29,242.2,669,True
INV01804,6,2022-04-24,2026-02-13,278.2,551,True
INV01807,8,2022-01-11,2025-10-30,198.28571428571428,364,True
INV01815,10,2022-05-10,2025-12-06,145.11111111111111,562,True
INV01827,7,2022-01-05,2026-04-07,258.8333333333333,921,True
INV01829,9,2022-03-12,2025-11-09,167.25,450,True
INV01830,6,2022-01-12,2024-12-26,215.8,369,True
INV01832,6,2022-12-22,2026-01-04,221.8,862,True
INV01834,9,2022-03-07,2024-11-08,122.125,310,True
INV01835,8,2022-04-09,2026-04-07,208.42857142857142,662,True
INV01836,8,2023-06-14,2025-11-27,128.14285714285714,246,True
INV01837,9,2022-02-17,2024-07-30,111.75,459,True
INV01841,7,2022-09-07,2026-01-25,206.0,511,True
INV01842,6,2022-06-30,2024-10-23,169.2,325,True
INV01843,8,2022-04-28,2026-03-21,203.28571428571428,625,True
INV01845,6,2022-08-26,2026-03-08,258.0,548,True
INV01847,8,2022-10-10,2026-03-04,177.28571428571428,551,True
INV01850,6,2022-04-21,2026-04-11,290.2,624,True
INV01852,7,2022-06-13,2025-02-12,162.5,295,True
INV01857,12,2022-03-19,2026-04-15,135.27272727272728,486,True
INV01861,8,2022-04-30,2026-04-08,205.57142857142858,419,True
INV01865,6,2022-05-01,2025-09-01,243.8,606,True
INV01868,6,2022-08-17,2025-05-19,201.2,371,True
INV01876,8,2022-12-22,2026-04-07,171.71428571428572,288,True
INV01877,6,2023-01-01,2026-02-27,230.6,344,True
INV01879,6,2023-09-17,2025-09-23,147.4,302,True
INV01880,7,2022-07-18,2025-03-31,164.5,358,True
INV01881,6,2022-03-19,2025-08-11,248.2,539,True
INV01885,7,2022-01-16,2025-09-05,221.33333333333334,427,True
INV01887,7,2022-08-25,2026-03-19,217.0,478,True
INV01891,8,2022-08-19,2026-04-07,189.57142857142858,709,True
INV01894,6,2022-03-04,2025-10-01,261.4,477,True
INV01895,7,2022-01-21,2026-02-20,248.5,515,True
INV01897,6,2022-04-04,2025-12-21,271.4,557,True
INV01901,9,2022-04-22,2025-12-03,165.125,416,True
INV01904,6,2023-02-15,2024-07-26,105.4,238,True
INV01905,7,2022-09-17,2025-01-14,141.66666666666666,424,True
INV01906,10,2022-01-13,2025-06-13,138.55555555555554,420,True
INV01909,9,2023-04-20,2026-02-26,130.375,306,True
INV01910,7,2022-02-09,2025-10-05,222.33333333333334,626,True
INV01912,7,2022-06-12,2025-05-27,180.0,339,True
INV01913,7,2022-01-23,2026-03-27,254.0,427,True
INV01915,6,2022-11-12,2025-08-30,204.4,564,True
INV01917,8,2022-02-20,2026-03-09,211.14285714285714,825,True
INV01919,7,2022-05-16,2025-09-18,203.5,610,True
INV01920,6,2022-06-28,2025-12-30,256.2,741,True
INV01926,7,2022-11-27,2025-05-18,150.5,258,True
INV01930,6,2022-07-23,2025-11-15,242.2,343,True
INV01935,8,2023-07-01,2026-02-24,138.42857142857142,282,True
INV01936,9,2022-01-06,2026-04-25,196.25,548,True
INV01940,8,2022-07-09,2026-05-18,201.28571428571428,601,True
INV01941,7,2022-04-26,2025-09-09,205.33333333333334,410,True
INV01943,7,2022-12-26,2026-03-06,194.33333333333334,413,True
INV01944,7,2022-11-28,2025-12-15,185.5,382,True
INV01948,8,2022-01-09,2026-01-23,210.71428571428572,540,True
INV01949,7,2022-01-27,2026-04-25,258.1666666666667,699,True
INV01952,7,2022-11-29,2025-10-02,173.0,477,True
INV01957,8,2022-08-09,2026-03-01,185.71428571428572,475,True
INV01958,8,2022-02-09,2025-09-08,186.71428571428572,460,True
INV01961,9,2022-04-19,2025-01-24,126.375,298,True
INV01974,7,2022-07-23,2026-02-23,218.5,585,True
INV01975,7,2023-04-09,2026-04-20,184.5,532,True
INV01976,7,2023-01-17,2025-10-09,166.0,393,True
INV01977,6,2022-08-31,2026-04-19,265.4,880,True
INV01981,6,2022-07-05,2026-04-21,277.2,1031,True
INV01983,6,2022-07-14,2025-03-12,194.4,457,True
INV01984,6,2023-06-21,2025-12-28,184.2,755,True
INV01989,6,2022-05-07,2026-03-10,280.6,646,True
INV01990,7,2022-06-13,2026-04-21,234.66666666666666,719,True
INV01999,8,2022-02-25,2026-04-07,214.57142857142858,408,True
INV02004,7,2022-09-05,2025-08-08,178.0,576,True
INV02005,6,2022-11-27,2026-05-01,250.2,752,True
INV02006,6,2022-03-16,2025-08-04,247.4,403,True
INV02007,6,2022-04-19,2025-12-22,268.6,697,True
INV02009,7,2022-12-05,2025-02-07,132.5,323,True
INV02014,8,2022-05-10,2025-08-16,170.57142857142858,275,True
INV02015,6,2022-05-10,2025-08-16,238.8,430,True
INV02018,6,2022-06-04,2024-03-29,132.8,275,True
INV02020,6,2022-07-22,2025-09-02,227.6,848,True
INV02021,9,2022-02-13,2025-07-07,155.0,461,True
INV02025,8,2022-04-06,2025-01-03,143.28571428571428,491,True
INV02027,7,2022-02-15,2024-07-17,147.16666666666666,437,True
INV02032,9,2022-07-05,2025-12-29,159.125,308,True
INV02039,6,2023-04-17,2026-02-12,206.4,392,True
INV02041,6,2022-03-19,2025-02-07,211.2,452,True
INV02042,7,2022-03-15,2026-04-02,246.5,861,True
INV02043,6,2022-10-03,2025-10-19,222.4,541,True
INV02052,6,2022-01-27,2025-01-20,217.8,433,True
INV02054,7,2023-03-03,2026-04-22,191.0,389,True
INV02056,6,2022-02-09,2026-03-02,296.4,552,True
INV02060,8,2022-04-09,2025-02-25,150.42857142857142,620,True
INV02061,7,2022-12-07,2025-09-09,167.83333333333334,467,True
INV02063,8,2022-05-19,2024-06-27,110.0,332,True
INV02065,7,2022-12-19,2026-02-04,190.5,563,True
INV02068,7,2022-02-14,2025-09-13,217.83333333333334,698,True
INV02069,8,2022-04-11,2025-07-15,170.14285714285714,408,True
INV02075,7,2022-03-27,2025-09-12,210.83333333333334,396,True
INV02077,8,2022-04-25,2024-10-05,127.71428571428571,296,True
INV02081,6,2022-10-19,2024-05-25,116.8,226,True
INV02084,6,2022-04-21,2025-05-29,226.8,486,True
INV02085,6,2023-03-27,2026-03-11,216.0,434,True
INV02088,7,2022-06-14,2026-04-06,232.0,706,True
INV02090,8,2023-08-19,2025-12-24,122.57142857142857,307,True
INV02095,6,2022-01-29,2025-03-05,226.2,648,True
INV02096,6,2022-01-17,2025-07-04,252.8,501,True
INV02099,6,2022-11-06,2025-12-19,227.8,539,True
INV02100,6,2024-02-07,2026-02-27,150.2,439,True
INV02105,9,2022-04-06,2026-04-13,183.5,562,True
INV02107,6,2022-06-11,2026-03-03,272.2,668,True
INV02108,6,2022-12-24,2026-05-08,246.2,650,True
INV02112,7,2022-05-01,2025-08-09,199.33333333333334,318,True
INV02114,7,2022-03-11,2026-05-06,252.83333333333334,462,True
INV02118,10,2022-04-04,2026-04-29,165.11111111111111,438,True
INV02119,6,2023-02-12,2024-11-03,126.0,344,True
INV02123,6,2022-07-19,2025-11-14,242.8,488,True
INV02124,7,2022-08-04,2026-03-14,219.66666666666666,689,True
INV02130,8,2022-04-03,2025-05-11,162.0,396,True
INV02133,9,2022-07-12,2025-04-24,127.125,257,True
INV02134,7,2022-10-13,2025-09-24,179.5,434,True
INV02142,6,2023-01-20,2025-04-05,161.2,473,True
INV02144,6,2024-04-11,2026-01-06,127.0,317,True
INV02150,7,2022-02-11,2025-09-18,219.16666666666666,439,True
INV02151,8,2022-03-10,2024-10-17,136.0,267,True
INV02155,6,2023-03-13,2026-02-14,213.8,290,True
INV02158,7,2022-03-10,2026-04-25,251.16666666666666,532,True
INV02164,6,2022-08-02,2025-04-05,195.4,399,True
INV02165,7,2022-07-06,2026-05-08,233.66666666666666,366,True
INV02166,7,2022-06-05,2025-07-01,187.0,597,True
INV02167,6,2023-03-31,2026-02-05,208.4,528,True
INV02169,6,2022-02-01,2025-07-01,249.2,501,True
INV02172,8,2022-04-17,2026-03-08,203.0,320,True
INV02174,7,2022-04-13,2026-04-21,244.83333333333334,553,True
INV02175,8,2022-02-21,2025-10-21,191.14285714285714,413,True
INV02189,6,2022-05-22,2026-05-09,289.6,774,True
INV02190,9,2022-01-30,2026-05-12,195.375,607,True
INV02194,6,2023-01-10,2025-11-23,209.6,521,True
INV02195,8,2022-03-02,2025-11-01,191.42857142857142,357,True
INV02197,6,2022-05-06,2024-09-09,171.4,246,True
INV02198,6,2022-05-06,2026-04-19,288.8,519,True
INV02203,6,2022-02-09,2026-04-12,304.6,609,True
INV02208,10,2022-03-03,2025-07-04,135.44444444444446,402,True
INV02209,6,2022-06-19,2024-12-01,179.2,252,True
INV02211,7,2022-06-12,2026-04-05,232.16666666666666,696,True
INV02218,6,2022-10-06,2025-08-12,208.2,560,True
INV02219,7,2022-02-10,2025-05-17,198.66666666666666,393,True
INV02220,6,2023-07-16,2026-02-11,188.2,619,True
INV02221,6,2022-05-26,2026-02-04,270.0,466,True
INV02223,6,2023-04-16,2025-12-25,196.8,378,True
INV02224,6,2023-04-02,2026-04-27,224.2,549,True
INV02230,8,2022-02-02,2025-04-30,169.0,537,True
INV02231,6,2022-03-08,2025-11-02,267.0,770,True
INV02232,7,2022-10-10,2026-01-08,197.66666666666666,447,True
INV02237,7,2022-03-03,2026-01-22,236.83333333333334,674,True
INV02238,7,2023-04-13,2025-09-15,147.66666666666666,279,True
INV02242,7,2022-01-03,2026-04-13,260.1666666666667,410,True
INV02243,9,2022-03-28,2026-01-30,175.5,413,True
INV02245,7,2022-03-01,2026-04-19,251.66666666666666,718,True
INV02247,6,2022-07-03,2025-12-06,250.4,585,True
INV02250,8,2022-06-27,2026-04-14,198.14285714285714,363,True
INV02251,9,2022-02-18,2025-12-10,173.875,402,True
INV02254,7,2024-02-10,2026-01-17,117.83333333333333,228,True
INV02258,7,2022-09-24,2025-10-02,184.0,551,True
INV02262,6,2022-03-10,2025-12-06,273.4,442,True
INV02263,6,2022-07-26,2026-01-16,254.0,395,True
INV02267,6,2022-03-02,2026-05-15,307.0,655,True
INV02269,8,2023-07-11,2026-04-27,145.85714285714286,347,True
INV02270,7,2024-04-23,2025-12-08,99.0,272,True
INV02279,6,2022-02-13,2025-05-06,235.6,426,True
INV02281,8,2022-01-12,2024-11-23,149.42857142857142,501,True
INV02284,6,2022-11-15,2025-11-30,222.2,433,True
INV02286,7,2023-02-15,2025-10-21,163.16666666666666,364,True
INV02287,9,2022-04-20,2026-02-26,176.0,302,True
INV02292,7,2023-09-30,2026-02-24,146.33333333333334,399,True
INV02295,7,2022-03-31,2025-10-14,215.5,496,True
INV02296,6,2022-10-28,2025-06-09,191.0,326,True
INV02299,6,2022-01-29,2025-09-15,265.0,934,True
INV02300,7,2022-03-04,2024-06-08,137.83333333333334,416,True
INV02302,8,2022-06-05,2026-02-23,194.14285714285714,397,True
INV02303,6,2023-09-13,2025-11-06,157.0,470,True
INV02306,6,2023-02-01,2025-10-22,198.8,484,True
INV02311,6,2022-04-11,2024-09-30,180.6,487,True
INV02318,6,2022-08-12,2026-03-23,263.8,479,True
INV02319,9,2023-02-21,2026-03-24,140.875,480,True
INV02322,7,2022-03-06,2025-12-12,229.5,493,True
INV02324,6,2023-01-22,2026-04-05,233.8,434,True
INV02325,6,2022-09-17,2024-12-19,164.8,355,True
INV02327,10,2022-05-29,2025-12-02,142.55555555555554,494,True
INV02335,8,2022-01-21,2026-03-20,217.0,477,True
INV02336,8,2022-06-18,2026-04-16,199.71428571428572,547,True
INV02337,9,2022-07-27,2025-08-07,138.375,473,True
INV02339,9,2022-09-16,2025-12-28,149.875,534,True
INV02346,8,2022-04-13,2025-09-04,177.14285714285714,481,True
INV02348,6,2023-07-19,2025-10-30,166.8,444,True
INV02354,7,2022-06-15,2025-07-18,188.16666666666666,549,True
INV02355,7,2022-01-11,2025-12-14,238.83333333333334,621,True
INV02358,7,2022-05-24,2026-05-06,240.5,631,True
INV02359,6,2022-02-09,2025-05-04,236.0,752,True
INV02360,7,2022-06-21,2025-09-14,196.83333333333334,451,True
INV02364,10,2022-10-16,2026-02-24,136.33333333333334,452,True
INV02369,6,2022-03-09,2025-04-24,228.4,559,True
INV02378,8,2022-02-08,2025-09-21,188.71428571428572,536,True
INV02383,6,2022-01-29,2026-03-26,303.4,547,True
INV02385,8,2022-05-03,2026-03-23,202.85714285714286,420,True
INV02391,7,2022-03-22,2026-03-25,244.0,587,True
INV02397,7,2022-12-06,2025-07-12,158.16666666666666,632,True
INV02398,7,2022-07-31,2026-05-10,229.83333333333334,498,True
INV02400,8,2022-02-25,2025-09-05,184.0,368,True
INV02401,6,2022-04-25,2026-01-03,269.8,552,True
INV02402,6,2022-03-02,2025-10-06,262.8,527,True
INV02403,9,2023-08-14,2026-03-25,119.25,416,True
INV02412,6,2022-05-24,2025-03-27,207.6,543,True
INV02414,6,2022-03-21,2026-04-22,298.6,449,True
INV02415,6,2022-07-20,2025-11-06,241.0,726,True
INV02416,6,2022-11-24,2025-05-02,178.0,474,True
INV02418,8,2022-02-04,2026-03-30,216.42857142857142,620,True
INV02419,6,2022-02-06,2025-09-30,266.4,560,True
INV02421,7,2022-11-03,2026-02-14,199.83333333333334,554,True
INV02423,7,2022-04-28,2023-05-14,63.5,84,True
INV02426,7,2022-06-30,2025-07-05,183.5,598,True
INV02427,8,2022-02-19,2025-11-28,196.85714285714286,374,True
INV02430,7,2022-03-08,2025-09-16,214.66666666666666,485,True
INV02431,7,2022-01-11,2026-03-28,256.1666666666667,620,True
INV02442,7,2022-01-28,2025-10-31,228.66666666666666,480,True
INV02444,8,2022-12-02,2025-10-04,148.14285714285714,436,True
INV02445,7,2022-04-20,2025-12-04,220.66666666666666,380,True
INV02448,7,2022-11-06,2026-05-08,213.16666666666666,409,True
INV02455,8,2022-05-17,2025-07-16,165.14285714285714,345,True
INV02457,7,2023-01-09,2026-05-01,201.33333333333334,668,True
INV02459,6,2022-05-27,2026-05-02,287.2,723,True
INV02461,6,2022-01-26,2024-10-22,200.0,508,True
INV02466,8,2022-03-02,2025-08-20,181.0,433,True
INV02471,7,2023-01-09,2025-10-19,169.0,704,True
INV02473,7,2022-07-28,2025-11-19,201.66666666666666,408,True
INV02477,6,2022-07-07,2026-03-07,267.8,567,True
INV02482,8,2022-06-01,2026-03-04,196.0,564,True
INV02490,6,2022-04-08,2025-12-11,268.6,704,True
INV02491,6,2022-06-29,2026-03-18,271.6,543,True
INV02496,7,2022-08-13,2026-01-15,208.5,336,True
INV02500,6,2023-12-04,2026-04-28,175.2,530,True
INV02504,8,2022-01-20,2025-06-04,175.85714285714286,470,True
INV02508,7,2022-04-19,2026-04-25,244.5,808,True
INV02509,7,2022-04-11,2024-06-28,134.83333333333334,291,True
INV02512,7,2022-06-16,2025-08-24,194.16666666666666,397,True
INV02514,7,2023-05-11,2026-04-12,177.83333333333334,403,True
INV02517,7,2022-02-20,2025-02-28,184.0,392,True
INV02519,6,2022-01-27,2024-12-02,208.0,366,True
INV02522,6,2022-04-02,2026-02-12,282.4,608,True
INV02523,6,2022-06-21,2025-10-30,245.4,351,True
INV02524,6,2022-04-06,2026-01-03,273.6,599,True
INV02525,6,2022-05-13,2025-02-23,203.4,371,True
INV02526,6,2022-02-04,2026-01-26,290.4,421,True
INV02527,6,2023-07-19,2026-03-07,192.4,609,True
INV02528,9,2022-07-16,2026-04-28,172.75,320,True
INV02529,7,2022-03-02,2023-07-11,82.66666666666667,122,True
INV02530,7,2022-12-24,2026-02-19,192.16666666666666,434,True
INV02531,10,2022-05-06,2026-02-24,154.44444444444446,340,True
INV02537,6,2022-04-10,2025-11-17,263.4,551,True
INV02539,6,2022-07-01,2026-03-19,271.4,555,True
INV02543,6,2022-01-20,2026-02-01,294.6,853,True
INV02544,7,2022-10-06,2026-04-24,216.0,423,True
INV02545,8,2022-07-05,2026-02-11,188.14285714285714,446,True
INV02547,6,2022-03-21,2025-10-16,261.0,588,True
INV02551,8,2022-03-19,2026-05-11,216.28571428571428,396,True
INV02553,7,2022-10-01,2026-03-11,209.5,563,True
INV02555,6,2022-09-25,2025-12-14,235.2,328,True
INV02562,7,2022-06-26,2025-06-27,182.83333333333334,454,True
INV02563,10,2022-01-04,2026-04-04,172.33333333333334,499,True
INV02566,8,2022-04-07,2026-02-19,202.0,510,True
INV02568,6,2022-03-10,2026-05-12,304.8,752,True
INV02572,7,2022-06-23,2026-01-30,219.5,711,True
INV02575,6,2022-05-17,2025-08-08,235.8,659,True
INV02580,6,2023-04-22,2025-10-06,179.6,351,True
INV02585,8,2022-04-23,2026-04-02,205.71428571428572,520,True
INV02586,6,2022-01-02,2025-04-07,238.2,306,True
INV02591,7,2022-12-03,2026-05-18,210.33333333333334,628,True
INV02592,7,2022-09-28,2025-11-02,188.5,453,True
INV02594,6,2022-02-05,2026-01-09,286.8,632,True
INV02599,7,2022-06-10,2026-02-05,222.66666666666666,395,True
INV02602,6,2023-04-28,2026-05-02,220.0,541,True
INV02607,6,2022-03-31,2026-03-26,291.2,421,True
INV02609,7,2023-02-21,2025-08-03,149.0,254,True
INV02611,7,2022-10-12,2026-03-27,210.33333333333334,620,True
INV02614,6,2022-01-11,2026-03-24,306.6,584,True
INV02615,6,2022-05-11,2025-03-10,206.8,382,True
INV02621,6,2022-11-09,2025-10-20,215.2,391,True
INV02622,6,2023-01-24,2025-12-22,212.6,408,True
INV02626,6,2022-03-24,2025-09-27,256.6,564,True
INV02628,8,2022-08-06,2026-04-13,192.28571428571428,486,True
INV02629,6,2022-05-21,2026-04-24,286.8,418,True
INV02632,6,2022-04-09,2025-12-27,271.6,660,True
INV02635,6,2022-02-01,2025-12-15,282.6,552,True
INV02636,6,2022-02-10,2026-02-23,294.8,624,True
INV02639,8,2022-03-27,2025-11-25,191.28571428571428,844,True
INV02640,6,2022-12-08,2026-05-06,249.0,496,True
INV02646,8,2022-06-08,2026-05-09,204.42857142857142,607,True
INV02648,8,2022-04-26,2026-04-14,207.0,531,True
INV02653,8,2022-02-17,2025-05-10,168.28571428571428,319,True
INV02655,9,2022-03-17,2026-02-12,178.5,436,True
INV02657,6,2022-10-06,2025-09-04,212.8,375,True
INV02668,6,2023-06-07,2025-11-30,181.4,286,True
INV02669,6,2023-03-05,2026-01-05,207.4,505,True
INV02673,7,2022-05-03,2025-11-17,215.66666666666666,523,True
INV02676,7,2022-02-05,2026-03-20,250.66666666666666,425,True
INV02679,8,2022-01-19,2026-02-10,211.85714285714286,528,True
INV02685,6,2022-02-17,2025-07-19,249.6,629,True
INV02688,8,2022-11-01,2026-01-12,166.85714285714286,306,True
INV02689,8,2022-02-13,2025-12-10,199.42857142857142,402,True
INV02692,9,2022-02-22,2026-04-29,190.875,487,True
INV02696,6,2022-08-08,2025-12-25,247.0,392,True
INV02699,6,2022-01-21,2026-03-05,300.8,824,True
INV02700,6,2022-11-26,2026-01-10,228.2,481,True
INV02703,9,2022-11-19,2026-01-10,143.5,409,True
INV02704,6,2022-07-14,2025-05-05,205.2,264,True
INV02705,6,2022-08-31,2025-01-03,171.2,275,True
INV02707,8,2023-07-18,2026-02-06,133.42857142857142,368,True
INV02708,7,2022-12-08,2026-04-28,206.16666666666666,322,True
INV02710,6,2022-01-11,2026-02-22,300.6,924,True
INV02711,6,2022-05-09,2026-02-22,277.0,673,True
INV02720,9,2022-01-03,2026-04-20,196.0,665,True
INV02721,7,2022-03-08,2025-11-14,224.5,527,True
INV02722,6,2022-08-06,2025-04-08,195.2,630,True
INV02724,7,2022-11-04,2026-03-23,205.83333333333334,441,True
INV02725,6,2022-09-02,2025-06-23,205.0,378,True
INV02726,9,2022-09-15,2026-05-14,167.125,505,True
INV02729,9,2022-04-24,2025-02-26,129.875,337,True
INV02731,6,2022-07-08,2026-03-12,268.6,693,True
INV02734,7,2022-02-06,2026-02-12,244.5,369,True
INV02735,12,2022-07-15,2026-05-12,127.0,646,True
INV02738,6,2022-08-11,2026-03-02,259.8,587,True
INV02739,6,2022-10-06,2025-12-08,231.8,510,True
INV02740,6,2022-10-18,2026-04-06,253.2,744,True
INV02741,8,2022-03-13,2026-04-09,212.57142857142858,563,True
INV02746,6,2022-05-27,2025-12-03,257.2,582,True
INV02751,8,2022-07-08,2025-05-27,150.57142857142858,407,True
INV02757,6,2022-04-16,2026-03-20,286.8,554,True
INV02760,7,2022-01-07,2026-01-25,246.5,402,True
INV02763,6,2022-03-17,2025-11-15,267.8,554,True
INV02765,8,2022-05-01,2025-07-24,168.57142857142858,500,True
INV02772,7,2023-08-19,2026-01-30,149.16666666666666,390,True
INV02773,6,2022-09-08,2026-03-24,258.6,450,True
INV02774,6,2023-04-03,2025-08-21,174.2,383,True
INV02782,6,2022-06-11,2025-11-27,253.0,351,True
INV02784,7,2023-03-16,2025-12-14,167.33333333333334,516,True
INV02791,8,2022-09-14,2026-02-23,179.71428571428572,378,True
INV02796,7,2022-06-20,2025-03-13,166.16666666666666,303,True
INV02798,6,2022-08-02,2025-09-16,228.2,653,True
INV02799,8,2022-03-17,2026-04-02,211.0,568,True
INV02800,6,2023-02-15,2026-01-15,213.0,326,True
INV02804,6,2024-03-04,2026-05-06,158.6,359,True
INV02805,7,2022-05-31,2025-05-02,177.83333333333334,486,True
INV02808,8,2022-11-11,2025-04-14,126.42857142857143,351,True
INV02813,6,2022-02-27,2026-02-03,287.4,706,True
INV02822,6,2024-01-06,2026-05-17,172.4,341,True
INV02826,8,2022-08-19,2026-03-09,185.42857142857142,401,True
INV02828,7,2023-08-23,2026-03-20,156.66666666666666,387,True
INV02831,7,2022-11-03,2025-09-21,175.5,257,True
INV02832,8,2022-05-20,2026-04-01,201.71428571428572,436,True
INV02834,7,2022-03-11,2024-10-15,158.16666666666666,683,True
INV02836,6,2023-08-19,2024-12-20,97.8,326,True
INV02837,9,2022-02-06,2026-05-04,193.5,337,True
INV02842,6,2023-01-08,2026-03-08,231.0,448,True
INV02844,6,2022-05-13,2024-08-27,167.4,691,True
INV02845,6,2022-10-26,2026-03-18,247.8,821,True
INV02846,8,2022-05-18,2026-05-12,207.85714285714286,435,True
INV02847,6,2022-04-30,2025-11-30,262.0,692,True
INV02848,6,2022-02-26,2025-08-19,254.0,372,True
INV02849,10,2022-03-01,2025-12-01,152.33333333333334,685,True
INV02854,9,2022-01-10,2025-06-17,156.75,399,True
INV02858,7,2022-01-20,2025-02-22,188.16666666666666,613,True
INV02860,6,2022-06-08,2026-03-24,277.0,522,True
INV02863,7,2022-06-12,2025-07-28,190.33333333333334,409,True
INV02866,8,2023-04-13,2025-11-08,134.28571428571428,307,True
INV02872,6,2023-04-29,2025-10-03,177.6,501,True
INV02873,7,2022-05-15,2024-05-22,123.0,333,True
INV02874,10,2022-05-17,2025-10-26,139.77777777777777,350,True
INV02876,6,2022-10-19,2026-02-05,241.0,654,True
INV02878,6,2022-05-11,2026-02-16,275.4,572,True
INV02879,8,2022-09-20,2026-05-01,188.42857142857142,491,True
INV02880,9,2022-01-14,2026-04-24,195.125,518,True
INV02881,7,2022-01-11,2025-04-10,197.5,351,True
INV02885,6,2023-04-14,2025-08-23,172.4,591,True
INV02887,8,2022-07-30,2025-08-01,156.85714285714286,364,True
INV02889,8,2023-11-01,2026-05-05,130.85714285714286,246,True
INV02891,6,2022-05-12,2023-06-22,81.2,190,True
INV02892,8,2023-08-21,2025-11-19,117.28571428571429,390,True
INV02896,6,2022-03-21,2024-11-27,196.4,409,True
INV02897,7,2022-12-13,2025-07-18,158.0,574,True
INV02898,10,2023-01-22,2025-11-21,114.88888888888889,320,True
INV02899,6,2023-06-06,2026-04-29,211.6,523,True
INV02900,6,2022-03-11,2025-04-10,225.2,466,True
INV02904,7,2022-01-18,2025-10-04,225.83333333333334,497,True
INV02908,6,2023-02-28,2026-05-05,232.4,382,True
INV02909,7,2022-03-24,2025-01-27,173.33333333333334,566,True
INV02913,7,2022-01-16,2026-02-16,248.66666666666666,426,True
INV02916,7,2022-10-04,2025-08-02,172.16666666666666,398,True
INV02918,6,2022-10-10,2025-08-27,210.4,446,True
INV02924,7,2022-06-05,2026-04-26,236.83333333333334,559,True
INV02925,8,2022-12-02,2025-10-19,150.28571428571428,329,True
INV02926,7,2022-06-28,2026-01-30,218.66666666666666,702,True
INV02933,8,2022-02-04,2026-03-31,216.57142857142858,940,True
INV02935,7,2023-12-16,2026-05-14,146.66666666666666,345,True
INV02940,6,2022-01-02,2024-09-28,200.0,603,True
INV02942,6,2023-06-15,2026-05-15,213.0,335,True
INV02943,6,2023-01-24,2025-10-21,200.2,403,True
INV02946,7,2022-03-21,2024-11-17,162.0,473,True
INV02950,7,2022-01-01,2025-01-07,183.66666666666666,388,True
INV02953,6,2023-08-03,2026-03-14,190.8,342,True
INV02954,6,2023-02-03,2026-03-17,227.6,457,True
INV02958,10,2023-05-10,2026-04-30,120.66666666666667,248,True
INV02960,8,2022-08-10,2026-04-26,193.57142857142858,430,True
INV02967,7,2022-01-30,2026-01-14,240.83333333333334,408,True
INV02969,7,2022-05-24,2025-09-20,202.5,777,True
INV02972,9,2022-12-15,2026-04-28,153.75,635,True
INV02975,7,2022-01-12,2025-01-30,185.66666666666666,626,True
INV02976,8,2022-01-10,2025-10-14,196.14285714285714,592,True
INV02977,6,2023-09-17,2025-09-24,147.6,508,True
INV02978,6,2022-02-03,2025-04-01,230.6,500,True
INV02980,7,2022-10-16,2025-02-07,140.83333333333334,252,True
INV02983,6,2023-09-01,2026-03-23,186.8,340,True
INV02986,7,2022-06-16,2026-01-18,218.66666666666666,441,True
INV02989,7,2022-11-15,2025-07-10,161.33333333333334,615,True
INV02990,9,2022-08-06,2026-01-23,158.25,426,True
INV02991,7,2022-07-11,2025-10-25,200.33333333333334,515,True
INV02992,6,2022-06-26,2026-03-24,273.4,812,True
INV02999,7,2022-03-03,2025-02-19,180.66666666666666,561,True
INV03005,8,2022-02-08,2025-12-21,201.71428571428572,393,True
INV03006,6,2022-01-15,2024-08-23,190.2,552,True
INV03007,6,2022-01-01,2025-10-22,278.0,473,True
INV03010,7,2022-05-19,2025-12-01,215.33333333333334,458,True
INV03012,7,2022-05-01,2026-03-27,237.66666666666666,470,True
INV03014,6,2022-06-19,2025-11-17,249.4,536,True
INV03016,9,2022-03-02,2026-03-17,184.5,569,True
INV03022,6,2022-11-20,2025-05-11,180.6,343,True
INV03023,7,2022-02-11,2026-01-07,237.66666666666666,451,True
INV03024,8,2022-01-12,2025-03-12,165.0,322,True
INV03025,7,2022-08-20,2026-03-27,219.16666666666666,601,True
INV03030,8,2022-01-17,2025-07-13,181.85714285714286,770,True
INV03031,7,2022-04-15,2025-12-16,223.5,590,True
INV03034,7,2022-01-27,2026-02-12,246.16666666666666,403,True
INV03037,6,2022-03-23,2026-05-11,302.0,623,True
INV03041,7,2022-05-23,2026-01-19,222.83333333333334,435,True
INV03045,7,2022-09-11,2025-10-04,186.5,578,True
INV03052,6,2022-01-01,2025-04-09,238.8,794,True
INV03054,6,2022-09-24,2025-01-14,168.6,492,True
INV03057,7,2022-01-26,2026-01-26,243.5,354,True
INV03064,6,2022-04-22,2025-05-02,221.2,588,True
INV03065,6,2022-04-01,2025-04-25,224.0,537,True
INV03073,6,2022-02-08,2026-02-21,294.8,631,True
INV03077,6,2023-01-18,2026-03-10,229.4,516,True
INV03084,7,2023-06-18,2026-02-20,163.0,467,True
INV03085,6,2022-02-06,2026-05-03,309.4,397,True
INV03086,6,2022-07-30,2026-05-14,276.8,451,True
INV03091,6,2022-05-28,2025-12-30,262.4,680,True
INV03094,6,2022-06-15,2026-01-04,259.8,350,True
INV03095,6,2022-08-06,2024-10-20,161.2,341,True
INV03096,8,2022-01-14,2026-04-03,220.0,578,True
INV03098,7,2022-03-02,2025-01-27,177.0,366,True
INV03099,8,2022-03-30,2026-04-25,212.42857142857142,377,True
INV03102,7,2022-01-06,2026-04-14,259.8333333333333,866,True
INV03105,7,2022-07-16,2026-02-15,218.33333333333334,524,True
INV03108,8,2022-02-04,2025-12-06,200.14285714285714,545,True
INV03112,7,2023-09-09,2025-06-05,105.83333333333333,436,True
INV03113,7,2022-01-02,2024-07-24,155.66666666666666,259,True
INV03115,12,2022-04-30,2026-05-14,134.0909090909091,573,True
INV03131,6,2022-06-22,2025-12-17,254.8,402,True
INV03132,6,2022-12-20,2026-02-23,232.2,305,True
INV03135,7,2022-04-15,2025-05-27,189.66666666666666,449,True
INV03140,6,2022-11-13,2025-07-12,194.4,578,True
INV03142,9,2022-06-12,2026-05-03,177.625,619,True
INV03143,8,2022-05-19,2026-02-14,195.28571428571428,389,True
INV03147,6,2022-03-27,2024-05-09,154.8,285,True
INV03151,7,2022-10-21,2025-08-15,171.5,346,True
INV03153,6,2022-02-05,2026-01-09,286.8,795,True
INV03154,8,2022-02-26,2026-04-09,214.71428571428572,856,True
INV03156,7,2022-02-03,2026-01-25,242.0,621,True
INV03160,8,2022-01-02,2026-03-25,220.42857142857142,363,True
INV03164,7,2022-02-23,2026-02-13,241.83333333333334,531,True
INV03167,6,2022-07-01,2026-01-05,256.8,708,True
INV03168,9,2022-07-12,2026-04-22,172.5,576,True
INV03172,7,2022-02-14,2026-04-28,255.66666666666666,565,True
INV03176,6,2022-03-20,2026-03-18,291.8,411,True
INV03178,7,2022-11-19,2026-03-08,200.83333333333334,403,True
INV03179,11,2022-09-12,2026-01-03,120.9,456,True
INV03183,10,2022-05-04,2026-01-23,151.11111111111111,349,True
INV03184,6,2023-02-20,2025-10-29,196.4,389,True
INV03186,6,2022-02-03,2026-03-06,298.4,618,True
INV03188,8,2022-08-11,2026-02-07,182.28571428571428,504,True
INV03196,8,2022-09-18,2025-03-15,129.85714285714286,292,True
INV03198,7,2022-09-10,2025-04-21,159.0,559,True
INV03199,6,2022-03-05,2025-04-08,226.0,682,True
INV03202,6,2022-06-18,2025-07-16,224.8,628,True
INV03206,7,2022-11-19,2025-11-04,180.16666666666666,487,True
INV03209,8,2022-08-21,2026-04-09,189.57142857142858,649,True
INV03211,7,2023-09-11,2025-12-21,138.66666666666666,509,True
INV03222,7,2022-05-29,2025-08-24,197.16666666666666,324,True
INV03223,10,2022-03-15,2026-05-03,167.77777777777777,368,True
INV03228,6,2022-06-14,2025-10-03,241.4,416,True
INV03230,7,2022-03-17,2025-09-24,214.5,409,True
INV03231,7,2022-07-01,2026-02-25,222.5,600,True
INV03234,9,2022-09-09,2025-10-08,140.625,339,True
INV03235,7,2022-04-04,2025-09-27,212.0,446,True
INV03237,6,2022-02-24,2026-03-12,295.4,578,True
INV03241,10,2022-02-06,2026-05-03,171.88888888888889,531,True
INV03244,6,2022-01-12,2024-11-17,208.0,320,True
INV03245,7,2022-06-02,2026-03-04,228.5,429,True
INV03251,7,2022-04-18,2026-03-21,238.83333333333334,414,True
INV03255,9,2022-10-09,2026-03-03,155.125,460,True
INV03256,10,2022-04-22,2025-03-01,116.0,317,True
INV03258,6,2022-05-30,2026-04-06,281.4,675,True
INV03262,8,2022-05-06,2026-02-23,198.42857142857142,431,True
INV03263,7,2023-06-29,2025-04-11,108.66666666666667,284,True
INV03265,6,2022-03-14,2024-07-29,173.6,300,True
INV03269,7,2023-11-23,2026-02-13,135.5,471,True
INV03271,10,2022-09-30,2026-05-08,146.22222222222223,375,True
INV03272,6,2023-02-02,2026-04-29,236.4,583,True
INV03273,8,2023-01-09,2026-02-19,162.42857142857142,322,True
INV03276,6,2022-02-02,2026-03-29,303.2,610,True
INV03277,7,2022-08-29,2026-01-28,208.0,481,True
INV03279,6,2022-08-18,2026-03-17,261.4,734,True
INV03282,7,2022-06-09,2025-10-10,203.16666666666666,648,True
INV03284,6,2022-07-18,2025-02-13,188.2,436,True
INV03285,10,2022-04-10,2025-09-06,138.33333333333334,302,True
INV03287,6,2023-09-10,2025-07-04,132.6,288,True
INV03289,8,2022-02-05,2026-02-23,211.28571428571428,455,True
INV03290,6,2022-08-22,2025-02-26,183.8,453,True
INV03293,6,2022-01-22,2025-12-21,285.8,544,True
INV03294,6,2022-07-28,2025-11-09,240.0,656,True
INV03305,7,2022-02-17,2026-01-20,238.83333333333334,427,True
INV03308,6,2022-05-21,2025-09-23,244.2,514,True
INV03310,7,2022-10-02,2026-03-26,211.83333333333334,467,True
INV03312,6,2022-02-20,2026-04-27,305.4,429,True
INV03315,8,2022-07-14,2026-01-04,181.42857142857142,275,True
INV03317,6,2023-04-13,2026-02-26,210.0,296,True
INV03319,7,2022-04-17,2025-12-26,224.83333333333334,900,True
INV03322,7,2022-04-25,2026-01-25,228.5,641,True
INV03324,7,2022-10-10,2026-01-25,200.5,471,True
INV03326,6,2022-02-16,2025-11-13,273.2,518,True
INV03329,6,2022-07-03,2025-09-19,234.8,576,True
INV03332,6,2022-05-06,2025-05-09,219.8,610,True
INV03333,7,2022-04-22,2026-04-30,244.83333333333334,458,True
INV03334,7,2022-05-11,2026-03-06,232.5,445,True
INV03337,6,2022-06-21,2026-01-14,260.6,419,True
INV03341,9,2023-01-27,2026-01-30,137.375,577,True
INV03344,6,2022-01-19,2025-02-24,226.4,692,True
INV03347,6,2024-02-17,2025-12-21,134.6,314,True
INV03349,6,2023-01-03,2026-03-18,234.0,368,True
INV03352,7,2022-10-12,2025-10-07,181.83333333333334,287,True
INV03359,8,2022-05-21,2025-07-12,164.0,511,True
INV03363,9,2022-03-01,2026-04-30,190.125,558,True
INV03364,6,2024-06-16,2025-12-19,110.2,326,True
INV03365,6,2022-11-09,2025-08-06,200.2,393,True
INV03372,8,2023-05-09,2026-01-08,139.28571428571428,410,True
INV03373,6,2022-09-26,2026-03-22,254.6,579,True
INV03375,6,2022-06-17,2026-03-24,275.2,677,True
INV03379,7,2022-01-13,2026-01-01,241.5,579,True
INV03381,6,2023-02-07,2026-05-11,237.8,359,True
INV03382,7,2022-11-05,2024-12-23,129.83333333333334,205,True
INV03386,8,2022-02-28,2025-11-27,195.42857142857142,399,True
INV03391,7,2022-05-29,2026-01-30,223.66666666666666,559,True
INV03393,7,2022-04-10,2026-03-01,236.83333333333334,548,True
INV03394,6,2022-06-18,2025-09-19,237.8,410,True
INV03395,7,2023-03-31,2026-04-22,186.33333333333334,292,True
INV03397,10,2022-05-25,2026-04-13,157.66666666666666,499,True
INV03400,9,2022-01-10,2026-03-03,189.125,429,True
INV03402,6,2023-06-07,2025-10-17,172.6,444,True
INV03407,6,2022-07-01,2026-04-28,279.4,582,True
INV03410,7,2022-11-03,2025-02-15,139.16666666666666,266,True
INV03411,9,2022-06-21,2025-12-22,160.0,568,True
INV03412,6,2022-03-05,2026-01-04,280.2,857,True
INV03413,7,2022-10-29,2025-11-12,185.0,417,True
INV03414,8,2022-04-09,2025-11-21,188.85714285714286,702,True
INV03415,8,2022-07-07,2024-04-30,94.71428571428571,248,True
INV03418,6,2022-09-20,2026-05-16,266.8,585,True
INV03419,10,2023-09-04,2026-03-03,101.22222222222223,208,True
INV03428,6,2022-11-20,2025-08-30,202.8,637,True
INV03432,8,2022-01-01,2025-06-07,179.0,760,True
INV03435,6,2023-05-18,2026-04-27,215.0,436,True
INV03438,6,2022-01-30,2025-12-30,286.0,952,True
INV03439,6,2022-02-02,2025-05-12,239.0,519,True
INV03441,6,2023-02-18,2026-02-13,218.2,504,True
INV03444,6,2023-10-03,2026-01-05,165.0,356,True
INV03445,7,2022-05-17,2025-04-11,176.66666666666666,335,True
INV03446,6,2023-06-16,2024-06-27,75.4,175,True
INV03447,6,2022-07-13,2025-04-20,202.4,612,True
INV03448,6,2022-09-23,2026-02-02,245.6,506,True
INV03455,7,2023-01-18,2025-03-26,133.0,425,True
INV03456,7,2022-10-03,2026-01-18,200.5,515,True
INV03457,6,2022-08-15,2025-02-05,181.0,436,True
INV03459,7,2022-10-03,2026-02-10,204.33333333333334,501,True
INV03462,6,2022-07-30,2024-05-26,133.2,386,True
INV03464,7,2022-01-08,2026-03-31,257.1666666666667,458,True
INV03468,7,2022-09-07,2024-10-31,130.83333333333334,251,True
INV03471,6,2022-05-29,2026-05-16,289.6,514,True
INV03473,9,2022-04-08,2025-05-16,141.75,310,True
INV03475,8,2022-08-21,2026-01-20,178.28571428571428,549,True
INV03476,10,2022-03-22,2025-08-05,136.88888888888889,438,True
INV03484,9,2022-02-02,2025-11-05,171.5,342,True
INV03487,10,2022-01-02,2025-08-16,146.88888888888889,248,True
INV03488,7,2023-02-19,2025-11-29,169.0,453,True
INV03489,7,2022-04-04,2025-04-17,184.83333333333334,502,True
INV03490,6,2022-12-29,2026-03-07,232.8,624,True
INV03491,7,2022-03-04,2025-11-30,227.83333333333334,358,True
INV03495,6,2022-06-20,2024-06-24,147.0,294,True
INV03497,6,2022-05-06,2025-08-28,242.0,484,True
INV03498,6,2022-01-09,2025-12-24,289.0,621,True
INV03499,6,2022-10-05,2026-02-03,243.4,625,True
INV03502,8,2022-03-07,2026-01-08,200.42857142857142,298,True
INV03504,6,2022-07-12,2026-02-06,261.0,640,True
INV03505,8,2022-11-20,2025-10-12,151.0,530,True
INV03508,6,2022-08-31,2026-01-16,246.8,470,True
INV03511,7,2023-08-14,2025-09-04,125.33333333333333,327,True
INV03513,6,2022-09-05,2025-07-06,207.0,397,True
INV03517,7,2022-08-05,2026-04-10,224.0,667,True
INV03525,7,2022-10-23,2026-04-05,210.0,417,True
INV03526,7,2022-04-17,2024-06-09,130.66666666666666,307,True
INV03527,6,2022-01-05,2026-02-06,298.6,535,True
INV03528,7,2022-01-20,2026-03-15,252.5,603,True
INV03530,6,2022-04-07,2025-09-27,253.8,975,True
INV03531,6,2022-11-18,2025-06-24,189.8,418,True
INV03536,7,2022-04-15,2026-05-15,248.5,732,True
INV03540,6,2022-01-02,2024-09-11,196.6,392,True
INV03543,6,2022-08-03,2025-08-13,221.2,662,True
INV03544,9,2022-10-08,2025-01-29,105.5,231,True
INV03545,8,2022-09-23,2026-04-30,187.85714285714286,348,True
INV03546,8,2022-01-11,2025-08-16,187.57142857142858,407,True
INV03548,7,2022-06-03,2026-02-23,226.83333333333334,729,True
INV03551,6,2023-08-01,2026-01-09,178.4,282,True
INV03555,6,2023-03-10,2025-07-11,170.8,430,True
INV03556,7,2022-05-20,2026-04-28,239.83333333333334,480,True
INV03557,8,2022-02-14,2025-10-27,193.0,472,True
INV03559,8,2022-04-14,2026-04-13,208.57142857142858,383,True
INV03566,6,2022-08-24,2025-03-15,186.8,668,True
INV03570,6,2022-07-29,2026-04-29,274.0,456,True
INV03572,8,2022-03-02,2025-06-06,170.28571428571428,526,True
INV03574,6,2022-02-15,2025-09-19,262.4,460,True
INV03575,7,2022-04-05,2026-05-06,248.66666666666666,1029,True
INV03576,6,2022-08-02,2025-12-08,244.8,499,True
INV03579,6,2023-06-02,2026-04-21,210.8,391,True
INV03582,8,2022-02-27,2025-02-23,156.0,398,True
INV03584,7,2022-01-12,2026-03-28,256.0,380,True
INV03585,7,2023-12-15,2025-08-25,103.16666666666667,323,True
INV03588,7,2023-01-20,2026-02-03,185.0,700,True
INV03592,6,2022-02-10,2025-12-10,279.8,457,True
INV03593,7,2022-01-11,2025-01-06,181.83333333333334,462,True
INV03594,9,2022-10-31,2026-04-22,158.625,458,True
INV03597,6,2022-09-01,2026-04-14,264.2,531,True
INV03599,7,2022-07-04,2025-04-20,170.16666666666666,567,True
INV03600,6,2023-04-02,2025-10-25,187.4,332,True
INV03601,6,2022-07-26,2025-10-02,232.8,429,True
INV03602,10,2022-06-14,2026-01-26,146.88888888888889,270,True
INV03605,7,2022-07-06,2025-12-20,210.5,406,True
INV03606,6,2022-06-12,2025-12-30,259.4,657,True
INV03609,7,2022-11-26,2026-05-07,209.66666666666666,483,True
INV03610,8,2022-07-24,2025-04-25,143.71428571428572,278,True
INV03611,9,2022-03-15,2025-01-14,129.5,362,True
INV03614,10,2023-02-20,2026-04-09,127.11111111111111,287,True
INV03617,7,2022-03-21,2025-07-22,203.16666666666666,330,True
INV03618,6,2022-02-04,2026-03-18,300.6,476,True
INV03620,7,2023-05-15,2026-05-02,180.5,492,True
INV03629,6,2022-05-14,2026-01-02,265.8,352,True
INV03630,7,2023-05-03,2026-02-12,169.33333333333334,357,True
INV03631,8,2022-04-16,2025-11-23,188.14285714285714,772,True
INV03633,7,2022-06-05,2026-02-22,226.33333333333334,433,True
INV03641,6,2022-05-27,2025-08-17,235.6,487,True
INV03643,7,2022-11-13,2026-03-31,205.66666666666666,501,True
INV03644,7,2022-08-04,2025-09-14,189.5,559,True
INV03645,7,2023-04-06,2026-03-27,181.0,425,True
INV03646,6,2022-05-12,2024-10-12,176.8,496,True
INV03652,7,2022-12-28,2026-04-26,202.5,492,True
INV03654,6,2022-02-11,2026-01-29,289.6,1155,True
INV03660,8,2022-06-17,2025-11-29,180.14285714285714,455,True
INV03661,7,2022-01-15,2025-10-17,228.5,605,True
INV03664,7,2023-02-23,2025-08-03,148.66666666666666,375,True
INV03666,6,2024-02-21,2025-08-17,108.6,283,True
INV03670,7,2022-02-22,2026-03-30,249.5,663,True
INV03671,6,2022-02-22,2026-03-04,294.2,460,True
INV03674,6,2023-01-26,2025-10-15,198.6,365,True
INV03676,12,2022-01-29,2026-04-06,138.9090909090909,371,True
INV03677,6,2022-01-24,2025-03-25,231.2,728,True
INV03678,10,2022-04-06,2025-11-11,146.11111111111111,413,True
INV03680,6,2022-07-18,2025-04-08,199.0,416,True
INV03684,7,2023-08-19,2025-11-04,134.66666666666666,253,True
INV03687,9,2022-01-03,2026-01-07,183.125,420,True
INV03688,8,2022-10-05,2026-02-19,176.14285714285714,700,True
INV03689,7,2023-06-09,2026-01-02,156.33333333333334,513,True
INV03691,7,2022-01-14,2025-11-07,232.16666666666666,452,True
INV03694,7,2022-11-11,2025-10-11,177.5,352,True
INV03698,7,2022-06-07,2026-02-12,224.33333333333334,553,True
INV03699,7,2022-05-05,2024-11-24,155.66666666666666,242,True
INV03701,6,2024-05-26,2025-10-28,104.0,198,True
INV03705,7,2022-11-17,2026-05-01,210.16666666666666,491,True
INV03708,6,2022-07-27,2025-06-20,211.8,485,True
INV03709,9,2022-03-02,2025-07-31,155.875,552,True
INV03711,6,2022-04-14,2026-03-21,287.4,620,True
INV03714,10,2022-11-28,2026-01-19,127.55555555555556,378,True
INV03718,11,2022-10-05,2026-03-06,124.8,344,True
INV03719,7,2022-09-26,2026-04-16,216.33333333333334,392,True
INV03720,10,2023-07-04,2026-04-21,113.55555555555556,485,True
INV03721,6,2022-02-21,2025-01-17,212.2,776,True
INV03730,7,2023-04-24,2026-03-24,177.5,365,True
INV03733,7,2022-08-29,2026-02-05,209.33333333333334,622,True
INV03741,9,2022-07-25,2026-04-16,170.125,242,True
INV03743,9,2022-03-03,2025-10-15,165.25,432,True
INV03744,7,2022-06-01,2026-02-28,228.0,484,True
INV03746,6,2022-07-16,2026-02-06,260.2,697,True
INV03747,10,2022-01-12,2026-03-20,169.77777777777777,477,True
INV03749,6,2022-02-09,2026-03-08,297.6,701,True
INV03750,6,2022-03-24,2024-12-04,197.2,470,True
INV03751,7,2023-03-22,2026-03-06,180.0,355,True
INV03754,7,2022-08-29,2026-04-30,223.33333333333334,660,True
INV03755,6,2023-07-19,2026-04-03,197.8,531,True
INV03756,7,2022-02-04,2026-02-20,246.16666666666666,979,True
INV03760,8,2022-01-31,2025-10-05,191.85714285714286,279,True
INV03768,6,2022-05-17,2026-02-11,273.2,793,True
INV03774,6,2022-08-18,2026-02-20,256.4,659,True
INV03776,9,2022-01-10,2026-03-28,192.25,402,True
INV03779,6,2022-09-29,2024-11-10,154.6,483,True
INV03780,7,2022-01-14,2025-07-13,212.66666666666666,806,True
INV03781,6,2022-02-27,2026-04-13,301.2,646,True
INV03784,7,2022-05-01,2024-12-04,158.0,508,True
INV03789,6,2022-01-10,2026-01-15,293.2,507,True
INV03793,10,2022-07-17,2025-02-05,103.77777777777777,228,True
INV03794,7,2022-08-17,2025-09-09,186.5,344,True
INV03796,6,2022-11-10,2025-05-21,184.6,379,True
INV03797,10,2023-01-29,2026-05-15,133.55555555555554,430,True
INV03801,6,2022-08-09,2025-09-28,229.2,570,True
INV03809,6,2022-05-21,2025-08-30,239.4,388,True
INV03810,8,2022-03-03,2025-10-16,189.0,385,True
INV03814,7,2023-05-11,2025-12-14,158.0,278,True
INV03816,9,2022-02-19,2026-04-29,191.25,355,True
INV03817,6,2022-11-10,2026-05-04,254.2,589,True
INV03820,9,2022-07-12,2025-02-21,119.375,229,True
INV03821,8,2023-01-30,2026-04-21,168.14285714285714,594,True
INV03822,6,2022-08-01,2025-08-20,223.0,410,True
INV03825,9,2023-04-13,2026-04-20,137.875,286,True
INV03828,8,2022-01-12,2025-11-01,198.42857142857142,712,True
INV03829,7,2022-03-14,2025-11-18,224.16666666666666,771,True
INV03830,8,2022-06-11,2024-12-04,129.57142857142858,377,True
INV03831,9,2022-04-09,2025-06-06,144.25,218,True
INV03840,8,2022-04-03,2025-10-01,182.42857142857142,554,True
INV03842,6,2022-07-13,2026-03-06,266.4,560,True
INV03844,9,2022-02-09,2025-12-05,174.375,411,True
INV03845,6,2023-01-25,2025-12-17,211.4,559,True
INV03852,6,2022-07-04,2026-05-17,282.6,822,True
INV03857,6,2022-06-24,2025-01-03,184.8,498,True
INV03858,6,2023-05-12,2025-12-07,188.0,387,True
INV03859,9,2022-01-22,2025-10-15,170.25,369,True
INV03861,7,2022-02-05,2025-09-03,217.66666666666666,572,True
INV03862,6,2022-04-18,2024-10-01,179.4,310,True
INV03868,9,2022-05-20,2025-12-30,165.0,330,True
INV03878,6,2022-06-09,2025-12-12,256.4,533,True
INV03880,6,2022-02-21,2026-02-25,293.0,965,True
INV03882,6,2023-10-29,2025-03-25,102.6,218,True
INV03883,10,2022-04-03,2026-05-08,166.22222222222223,459,True
INV03884,6,2022-02-10,2025-03-01,223.0,516,True
INV03885,8,2022-02-11,2026-01-13,204.57142857142858,430,True
INV03886,6,2022-11-11,2025-08-25,203.6,433,True
INV03888,7,2022-04-03,2026-01-03,228.5,486,True
INV03889,6,2022-11-22,2025-01-13,156.6,349,True
INV03891,7,2022-05-10,2026-04-04,237.5,467,True
INV03894,9,2022-01-03,2024-11-18,131.25,280,True
INV03897,6,2022-08-25,2026-04-25,267.8,567,True
INV03898,11,2022-02-16,2026-02-03,144.8,628,True
INV03902,9,2022-04-26,2026-05-19,185.5,368,True
INV03903,7,2022-03-10,2026-01-05,232.83333333333334,523,True
INV03905,6,2022-03-19,2026-02-24,287.6,895,True
INV03907,6,2022-12-24,2026-02-22,231.2,754,True
INV03908,6,2022-03-27,2025-07-30,244.2,789,True
INV03909,6,2023-05-05,2025-07-02,157.8,315,True
INV03910,6,2022-02-04,2025-07-23,253.0,730,True
INV03912,6,2022-02-19,2025-12-19,279.8,701,True
INV03921,7,2022-07-08,2025-09-25,195.83333333333334,621,True
INV03930,11,2022-01-15,2026-04-24,156.0,458,True
INV03931,7,2022-08-15,2026-04-08,222.0,607,True
INV03932,6,2022-09-13,2026-02-20,251.2,931,True
INV03934,11,2022-03-02,2026-04-24,151.4,551,True
INV03936,6,2022-06-27,2025-02-04,190.6,542,True
INV03937,6,2022-02-10,2026-01-26,289.2,586,True
INV03945,9,2022-08-21,2026-03-10,162.125,574,True
INV03957,10,2022-08-21,2025-04-26,108.77777777777777,349,True
INV03965,6,2022-08-05,2026-05-18,276.4,581,True
INV03967,7,2022-09-21,2025-03-12,150.5,312,True
INV03974,7,2022-07-12,2026-03-08,222.5,603,True
INV03979,7,2022-01-20,2026-02-18,248.33333333333334,641,True
INV03980,6,2022-10-23,2026-03-15,247.8,387,True
INV03983,6,2022-01-19,2025-10-20,274.0,708,True
INV03986,6,2022-01-05,2026-03-15,306.0,649,True
INV03989,8,2022-05-15,2024-10-08,125.28571428571429,226,True
INV03990,6,2022-10-22,2025-12-29,232.8,592,True
INV03993,6,2023-11-08,2026-03-09,170.4,320,True
INV03995,7,2022-03-12,2025-09-06,212.33333333333334,453,True
INV03996,6,2022-03-02,2023-03-09,74.4,167,True
INV03997,6,2022-04-15,2024-10-16,183.0,403,True
INV03998,6,2022-11-20,2025-12-23,225.8,647,True
INV04000,6,2022-07-26,2025-01-01,178.0,433,True
INV04003,9,2023-02-13,2026-04-22,145.5,452,True
INV04005,6,2022-01-13,2025-11-20,281.4,904,True
INV04010,7,2023-03-27,2026-03-21,181.66666666666666,372,True
INV04011,8,2022-02-21,2026-01-10,202.71428571428572,642,True
INV04012,6,2023-07-28,2025-02-15,113.6,261,True
INV04015,7,2024-04-01,2025-12-08,102.66666666666667,284,True
INV04017,7,2022-02-13,2026-04-16,253.83333333333334,804,True
INV04018,8,2022-03-18,2026-02-03,202.57142857142858,509,True
INV04023,7,2022-05-19,2025-12-19,218.33333333333334,597,True
INV04029,8,2023-03-28,2026-03-17,155.0,339,True
INV04033,6,2022-05-06,2026-01-08,268.6,449,True
INV04035,6,2022-02-25,2025-06-27,243.6,575,True
INV04036,9,2022-03-23,2025-03-09,135.25,391,True
INV04039,11,2022-01-29,2025-12-16,141.7,283,True
INV04042,7,2022-06-06,2025-01-17,159.33333333333334,395,True
INV04044,9,2023-06-08,2026-02-15,122.875,269,True
INV04045,7,2022-01-26,2025-06-18,206.5,469,True
INV04047,9,2022-08-11,2025-11-12,148.625,413,True
INV04048,7,2022-10-05,2025-10-19,185.0,705,True
INV04049,7,2022-05-12,2026-01-10,223.16666666666666,411,True
INV04060,6,2022-02-18,2025-12-30,282.2,564,True
INV04067,7,2022-09-02,2025-06-14,169.33333333333334,317,True
INV04069,6,2022-06-11,2025-10-31,247.6,382,True
INV04072,8,2022-11-14,2025-11-14,156.57142857142858,467,True
INV04074,9,2022-04-03,2025-10-28,163.0,516,True
INV04077,7,2022-05-24,2025-10-16,206.83333333333334,569,True
INV04078,8,2022-01-30,2026-01-23,207.71428571428572,392,True
INV04080,6,2022-07-16,2026-05-18,280.4,444,True
INV04084,11,2022-01-28,2026-03-31,152.3,414,True
INV04092,6,2022-04-13,2026-01-08,273.2,616,True
INV04093,6,2022-04-08,2026-02-01,279.0,447,True
INV04097,6,2022-10-23,2026-05-17,260.4,651,True
INV04103,6,2022-03-29,2025-06-20,235.8,602,True
INV04104,6,2022-07-24,2026-04-07,270.6,729,True
INV04105,8,2022-03-10,2026-03-30,211.57142857142858,454,True
INV04106,6,2022-02-27,2026-05-17,308.0,626,True
INV04108,7,2023-02-08,2025-12-18,174.0,344,True
INV04113,8,2022-01-15,2026-04-09,220.71428571428572,875,True
INV04117,6,2022-05-14,2023-05-10,72.2,183,True
INV04119,9,2022-07-18,2026-04-30,172.75,342,True
INV04124,8,2022-04-06,2026-04-10,209.28571428571428,434,True
INV04125,9,2022-01-31,2025-11-15,173.0,612,True
INV04128,9,2022-06-14,2026-03-03,169.75,550,True
INV04129,6,2022-01-22,2026-04-14,308.6,677,True
INV04135,7,2022-04-03,2025-07-30,202.33333333333334,396,True
INV04136,7,2022-01-17,2026-04-14,258.0,545,True
INV04138,8,2022-01-08,2025-12-27,207.0,570,True
INV04139,7,2022-10-12,2026-04-25,215.16666666666666,375,True
INV04140,9,2023-11-19,2026-03-02,104.25,368,True
INV04141,6,2022-01-06,2025-12-21,289.0,511,True
INV04144,7,2022-05-21,2026-02-21,228.66666666666666,509,True
INV04149,6,2022-05-26,2026-05-16,290.2,770,True
INV04151,7,2022-01-02,2025-05-13,204.5,687,True
INV04152,6,2022-10-04,2026-03-18,252.2,429,True
INV04158,7,2022-02-28,2026-05-12,255.66666666666666,661,True
INV04163,6,2022-01-01,2026-05-15,319.0,948,True
INV04165,8,2022-07-25,2026-01-21,182.28571428571428,480,True
INV04167,6,2022-01-09,2025-06-20,251.6,330,True
INV04171,6,2022-03-26,2026-04-10,295.2,623,True
INV04177,8,2022-08-28,2026-01-05,175.14285714285714,474,True
INV04183,6,2022-12-27,2025-09-29,201.4,388,True
INV04187,6,2022-03-24,2024-11-29,196.2,342,True
INV04188,7,2022-12-08,2026-03-04,197.0,476,True
INV04190,7,2022-02-11,2025-01-13,177.83333333333334,312,True
INV04191,9,2022-02-04,2025-10-17,168.875,356,True
INV04198,8,2022-01-27,2025-03-24,164.57142857142858,468,True
INV04199,8,2022-01-21,2025-09-12,190.0,515,True
INV04202,6,2022-03-22,2025-05-07,228.4,341,True
INV04204,6,2022-03-11,2025-06-04,236.2,700,True
INV04211,6,2022-02-18,2025-05-13,236.0,409,True
INV04212,7,2022-03-09,2026-03-18,245.0,538,True
INV04215,6,2022-11-20,2026-05-09,253.2,544,True
INV04219,9,2022-02-19,2026-01-30,180.125,678,True
INV04221,6,2022-12-29,2026-01-09,221.4,523,True
INV04222,6,2022-03-27,2026-04-05,294.0,615,True
INV04224,6,2022-02-11,2024-12-25,209.6,763,True
INV04227,6,2024-06-30,2025-12-17,107.0,198,True
INV04228,6,2022-09-24,2025-08-16,211.4,597,True
INV04230,6,2022-05-06,2024-01-03,121.4,228,True
INV04232,8,2022-11-19,2026-02-02,167.28571428571428,391,True
INV04233,6,2022-08-14,2025-01-21,178.2,567,True
INV04234,9,2022-01-23,2026-01-19,182.125,631,True
INV04242,7,2022-10-29,2026-03-23,206.83333333333334,418,True
INV04245,6,2022-08-17,2024-12-15,170.2,573,True
INV04246,6,2022-04-01,2025-12-29,273.6,649,True
INV04247,6,2022-02-08,2026-04-01,302.6,441,True
INV04249,6,2022-12-03,2025-12-14,221.4,675,True
INV04250,6,2022-05-30,2025-06-06,220.6,281,True
INV04255,8,2022-11-29,2025-10-16,150.28571428571428,255,True
INV04256,8,2022-01-28,2026-02-18,211.71428571428572,865,True
INV04260,6,2022-02-03,2025-01-28,218.0,399,True
INV04261,6,2024-08-17,2025-11-13,90.6,165,True
INV04265,6,2022-03-27,2026-05-01,299.2,605,True
INV04270,10,2022-05-02,2026-05-12,163.44444444444446,316,True
INV04271,6,2022-02-08,2025-09-08,261.6,725,True
INV04272,6,2022-02-04,2025-11-14,275.8,387,True
INV04275,8,2022-05-24,2026-04-02,201.28571428571428,841,True
INV04276,9,2022-11-22,2026-05-02,157.125,326,True
INV04279,6,2022-07-12,2026-04-14,274.4,893,True
INV04281,10,2022-02-06,2025-12-21,157.11111111111111,766,True
INV04282,6,2022-02-12,2026-02-09,291.6,1159,True
INV04285,9,2022-01-09,2025-07-08,159.5,434,True
INV04286,6,2022-01-24,2025-04-06,233.6,598,True
INV04287,8,2022-08-14,2025-12-01,172.14285714285714,373,True
INV04288,7,2022-10-22,2026-04-27,213.83333333333334,491,True
INV04291,6,2022-06-20,2026-01-26,263.2,533,True
INV04295,7,2022-01-31,2025-05-08,198.83333333333334,563,True
INV04296,9,2022-09-21,2025-05-16,121.0,280,True
INV04298,9,2022-08-15,2025-05-11,125.0,308,True
INV04299,6,2022-10-22,2026-03-25,250.0,710,True
INV04302,9,2022-07-09,2026-02-02,163.0,610,True
INV04303,8,2022-04-15,2026-03-01,202.28571428571428,522,True
INV04308,10,2022-02-13,2025-01-28,120.0,380,True
INV04309,6,2022-11-10,2024-11-27,149.6,396,True
INV04311,10,2022-04-27,2025-07-25,131.66666666666666,332,True
INV04312,7,2023-04-27,2025-11-28,157.66666666666666,515,True
INV04314,8,2022-03-09,2026-05-15,218.28571428571428,538,True
INV04315,7,2022-02-06,2025-08-09,213.33333333333334,767,True
INV04316,6,2022-05-10,2024-11-24,185.8,300,True
INV04321,9,2022-01-23,2026-05-05,195.375,693,True
INV04324,7,2023-08-12,2026-02-22,154.16666666666666,312,True
INV04326,9,2022-08-08,2026-04-19,168.75,464,True
INV04334,6,2023-05-14,2025-02-25,130.6,187,True
INV04344,6,2022-05-23,2025-07-31,233.0,589,True
INV04345,9,2022-10-01,2026-05-03,163.75,337,True
INV04347,8,2022-09-25,2026-05-04,188.14285714285714,735,True
INV04348,6,2022-10-08,2026-01-31,242.2,685,True
INV04350,6,2022-05-10,2023-06-18,80.8,184,True
INV04352,7,2022-03-16,2026-04-19,249.16666666666666,446,True
INV04353,6,2022-02-28,2026-04-05,299.4,611,True
INV04354,7,2022-07-06,2026-05-08,233.66666666666666,387,True
INV04357,6,2022-03-11,2025-12-15,275.0,439,True
INV04358,6,2022-02-16,2025-01-26,215.0,471,True
INV04361,6,2022-06-16,2026-05-06,284.0,822,True
INV04362,8,2022-01-25,2025-12-14,202.71428571428572,434,True
INV04363,8,2022-01-03,2025-08-21,189.42857142857142,389,True
INV04367,8,2022-01-24,2026-04-09,219.42857142857142,584,True
INV04368,8,2022-01-07,2026-04-27,224.42857142857142,627,True
INV04369,6,2022-03-05,2025-01-14,209.2,528,True
INV04371,7,2022-02-06,2024-05-10,137.33333333333334,449,True
INV04372,8,2022-01-25,2025-12-16,203.0,755,True
INV04379,7,2022-01-20,2026-04-19,258.3333333333333,506,True
INV04382,7,2022-02-28,2026-01-31,238.83333333333334,559,True
INV04392,6,2022-07-03,2025-11-08,244.8,779,True
INV04394,8,2022-02-27,2026-01-14,202.42857142857142,472,True
INV04395,10,2022-01-30,2026-03-20,167.77777777777777,560,True
INV04401,7,2023-11-11,2025-12-30,130.0,269,True
INV04402,9,2022-12-19,2025-07-02,115.75,435,True
INV04403,7,2022-06-20,2025-09-27,199.16666666666666,409,True
INV04410,6,2022-03-01,2026-04-08,299.8,677,True
INV04412,8,2022-03-17,2026-02-11,203.85714285714286,454,True
INV04415,6,2023-01-30,2026-02-23,224.0,340,True
INV04417,8,2022-01-03,2025-11-01,199.71428571428572,529,True
INV04420,6,2022-01-31,2025-11-29,279.6,407,True
INV04421,6,2022-03-05,2025-10-21,265.2,608,True
INV04422,7,2022-06-01,2026-03-27,232.5,552,True
INV04423,7,2022-09-06,2025-12-13,199.0,506,True
INV04429,7,2022-03-27,2025-01-31,173.5,355,True
INV04430,6,2022-02-17,2026-04-21,304.8,402,True
INV04431,8,2022-04-08,2025-03-07,152.0,457,True
INV04433,6,2022-02-20,2025-04-18,230.6,416,True
INV04438,8,2022-01-14,2026-05-05,224.57142857142858,821,True
INV04439,7,2022-05-29,2025-04-25,177.0,505,True
INV04443,6,2022-02-25,2024-09-13,186.2,376,True
INV04445,9,2022-08-13,2026-03-30,165.625,350,True
INV04448,7,2022-01-11,2026-04-19,259.8333333333333,395,True
INV04450,8,2022-07-11,2025-06-04,151.28571428571428,276,True
INV04451,6,2022-05-14,2025-05-17,219.8,346,True
INV04454,6,2022-03-08,2025-12-01,272.8,496,True
INV04456,7,2022-06-22,2025-10-23,203.16666666666666,524,True
INV04457,7,2022-12-08,2026-02-13,193.83333333333334,494,True
INV04458,7,2022-02-02,2026-04-07,254.16666666666666,590,True
INV04464,7,2022-02-21,2025-07-01,204.33333333333334,352,True
INV04471,7,2022-07-20,2026-01-30,215.0,464,True
INV04477,9,2022-05-05,2026-03-10,175.625,417,True
INV04478,8,2022-08-18,2025-09-02,158.71428571428572,390,True
INV04479,7,2022-02-02,2024-11-03,167.5,298,True
INV04480,7,2022-10-23,2026-05-06,215.16666666666666,679,True
INV04481,8,2022-05-02,2025-07-09,166.28571428571428,361,True
INV04483,9,2022-03-15,2025-12-11,170.875,792,True
INV04487,6,2022-03-11,2026-02-12,286.8,874,True
INV04489,6,2022-07-23,2026-04-16,272.6,666,True
INV04497,9,2022-01-31,2025-04-11,145.75,497,True
INV04499,8,2022-03-06,2025-09-02,182.28571428571428,476,True
INV04503,6,2023-05-01,2026-01-04,195.8,337,True
INV04504,8,2022-05-20,2025-05-12,155.42857142857142,339,True
INV04509,7,2022-08-15,2026-03-01,215.66666666666666,463,True
INV04515,6,2023-03-23,2026-03-19,218.4,444,True
INV04516,6,2024-12-20,2026-01-24,80.0,134,True
INV04518,6,2022-03-28,2024-01-28,134.2,535,True
INV04531,8,2022-12-12,2025-06-21,131.71428571428572,415,True
INV04533,8,2022-03-09,2025-09-24,185.0,637,True
INV04538,9,2022-01-22,2025-12-02,176.25,599,True
INV04540,6,2022-08-23,2024-11-17,163.4,288,True
INV04543,9,2022-03-13,2026-01-07,174.5,487,True
INV04547,6,2022-12-23,2025-03-29,165.4,634,True
INV04551,6,2022-10-30,2024-08-22,132.4,223,True
INV04554,9,2022-02-08,2026-03-11,186.5,765,True
INV04555,6,2022-07-18,2026-01-12,254.8,504,True
INV04559,7,2023-07-31,2026-04-09,163.83333333333334,506,True
INV04560,7,2022-04-21,2026-02-28,234.83333333333334,598,True
INV04561,7,2022-04-05,2026-03-31,242.66666666666666,518,True
INV04563,6,2022-11-18,2026-03-28,245.2,519,True
INV04568,7,2022-03-25,2025-06-24,197.83333333333334,434,True
INV04570,6,2022-08-25,2025-12-05,239.6,496,True
INV04571,6,2022-10-22,2025-04-08,179.8,266,True
INV04573,6,2022-11-07,2026-04-21,252.2,680,True
INV04575,8,2022-10-11,2025-11-22,162.57142857142858,318,True
INV04576,8,2022-02-08,2026-04-29,220.14285714285714,416,True
INV04577,8,2022-03-05,2026-05-17,219.14285714285714,464,True
INV04583,6,2022-03-04,2025-01-28,212.2,533,True
INV04584,7,2022-02-28,2025-09-22,217.0,454,True
INV04587,9,2022-01-05,2026-04-21,195.875,516,True
INV04589,6,2022-11-28,2026-03-18,241.2,625,True
INV04592,8,2022-02-27,2025-02-08,153.85714285714286,496,True
INV04595,7,2023-03-03,2025-09-08,153.33333333333334,397,True
INV04602,8,2022-09-12,2026-04-12,186.85714285714286,480,True
INV04606,7,2022-01-08,2026-02-08,248.66666666666666,443,True
INV04609,9,2022-09-24,2025-11-04,142.125,387,True
INV04610,8,2022-02-02,2026-05-13,223.0,697,True
INV04615,6,2023-12-16,2026-05-18,176.8,443,True
INV04617,7,2023-06-07,2026-04-20,174.66666666666666,323,True
INV04619,10,2022-05-28,2025-05-07,119.44444444444444,263,True
INV04621,7,2022-03-05,2025-04-19,190.16666666666666,406,True
INV04631,7,2022-02-03,2025-02-26,186.5,443,True
INV04636,6,2022-02-02,2025-07-03,249.4,441,True
INV04638,6,2022-02-01,2026-03-17,301.0,828,True
INV04639,6,2022-08-26,2024-07-21,139.0,223,True
INV04640,6,2022-04-27,2025-12-13,265.2,823,True
INV04641,7,2024-04-23,2024-11-29,36.666666666666664,118,True
INV04642,6,2022-09-22,2024-06-05,124.4,162,True
INV04645,7,2022-02-19,2025-09-27,219.33333333333334,551,True
INV04647,6,2022-03-30,2024-06-25,163.6,301,True
INV04652,10,2022-10-29,2026-04-19,140.88888888888889,313,True
INV04653,6,2022-12-15,2026-05-03,247.0,317,True
INV04655,6,2023-01-14,2025-11-08,205.8,276,True
INV04660,7,2022-08-06,2026-03-10,218.66666666666666,703,True
INV04661,7,2022-02-05,2025-04-19,194.83333333333334,685,True
INV04663,6,2022-01-09,2025-03-25,234.2,426,True
INV04664,7,2022-06-19,2026-03-07,226.16666666666666,367,True
INV04665,6,2022-02-05,2025-08-10,256.4,445,True
INV04666,6,2023-02-20,2026-05-04,233.8,332,True
INV04670,6,2022-01-24,2024-08-28,189.4,492,True
INV04674,6,2022-09-23,2025-12-16,236.0,510,True
INV04676,7,2022-04-11,2025-04-16,183.5,434,True
INV04677,7,2022-04-10,2026-02-26,236.33333333333334,470,True
INV04678,6,2022-05-26,2025-11-04,251.6,737,True
INV04680,9,2022-07-09,2025-10-24,150.375,355,True
INV04687,9,2022-04-12,2025-05-15,141.125,430,True
INV04693,6,2023-03-12,2025-08-11,176.6,382,True
INV04695,6,2022-01-21,2025-09-22,268.0,598,True
INV04696,7,2023-07-03,2026-05-19,175.16666666666666,379,True
INV04701,6,2022-08-22,2025-12-30,245.2,476,True
INV04704,7,2022-06-15,2026-01-06,216.83333333333334,580,True
INV04706,6,2022-06-10,2025-06-22,221.6,513,True
INV04707,8,2022-01-03,2026-04-22,224.28571428571428,371,True
INV04708,6,2022-02-17,2026-02-18,292.4,746,True
INV04710,9,2022-04-04,2026-05-08,186.875,433,True
INV04712,6,2023-02-18,2025-08-11,181.0,505,True
INV04713,6,2022-02-26,2026-01-19,284.6,782,True
INV04714,8,2022-01-21,2026-01-28,209.71428571428572,890,True
INV04718,11,2022-01-01,2026-01-16,147.6,554,True
INV04719,6,2023-01-05,2024-03-27,89.4,186,True
INV04720,6,2023-01-06,2024-08-20,118.4,260,True
INV04721,6,2022-08-08,2025-09-19,227.6,329,True
INV04722,7,2022-02-20,2025-12-27,234.33333333333334,562,True
INV04723,7,2023-03-01,2026-04-11,189.5,427,True
INV04725,6,2022-06-16,2025-12-06,253.8,885,True
INV04732,8,2022-08-11,2025-03-26,136.85714285714286,533,True
INV04733,7,2023-03-13,2025-10-31,160.5,384,True
INV04734,7,2022-03-20,2025-11-09,221.66666666666666,965,True
INV04735,7,2022-01-31,2025-08-24,216.83333333333334,285,True
INV04737,7,2024-02-14,2026-02-09,121.0,219,True
INV04740,10,2022-05-09,2026-01-14,149.55555555555554,388,True
INV04741,6,2022-01-17,2025-11-03,277.2,690,True
INV04743,6,2022-04-14,2025-10-26,258.2,470,True
INV04745,6,2023-03-10,2025-10-06,188.2,308,True
INV04748,6,2022-04-02,2026-04-27,297.2,599,True
INV04750,7,2022-03-18,2025-05-30,194.83333333333334,482,True
INV04751,6,2022-12-13,2025-04-08,169.4,347,True
INV04754,7,2023-04-05,2026-04-12,183.83333333333334,605,True
INV04755,7,2022-01-31,2026-03-22,251.83333333333334,860,True
INV04757,8,2022-11-13,2025-08-13,143.42857142857142,248,True
INV04758,6,2023-03-20,2026-03-21,219.4,616,True
INV04759,7,2022-01-08,2026-02-23,251.16666666666666,497,True
INV04761,7,2022-05-01,2025-07-29,197.5,326,True
INV04762,6,2022-08-20,2026-04-05,264.8,496,True
INV04772,7,2022-06-07,2025-08-20,195.0,455,True
INV04774,7,2022-07-29,2026-03-14,220.66666666666666,428,True
INV04775,8,2022-04-24,2026-01-21,195.42857142857142,531,True
INV04777,6,2022-01-02,2025-10-23,278.0,614,True
INV04781,10,2022-04-13,2025-09-03,137.66666666666666,380,True
INV04782,6,2022-08-11,2025-10-24,234.0,363,True
INV04784,7,2022-11-15,2026-03-09,201.66666666666666,590,True
INV04793,9,2022-01-27,2025-10-23,170.625,363,True
INV04795,6,2022-03-14,2024-12-14,201.2,367,True
INV04802,7,2022-05-29,2026-04-15,236.16666666666666,419,True
INV04808,7,2022-09-19,2025-06-27,168.66666666666666,532,True
INV04810,6,2022-03-18,2024-11-01,191.8,594,True
INV04815,6,2022-10-20,2026-03-11,247.6,406,True
INV04816,6,2023-11-07,2026-04-12,177.4,227,True
INV04818,6,2023-06-06,2026-05-15,214.8,388,True
INV04821,7,2022-11-23,2026-03-16,201.5,377,True
INV04823,6,2022-04-20,2025-04-30,221.2,377,True
INV04824,6,2022-08-06,2025-11-06,237.6,569,True
INV04825,6,2023-07-23,2025-10-08,161.6,310,True
INV04826,6,2024-04-21,2026-03-23,140.2,509,True
INV04829,13,2022-01-17,2026-01-05,120.75,286,True
INV04830,9,2022-10-07,2025-12-14,145.5,326,True
INV04831,7,2022-08-26,2026-04-09,220.33333333333334,589,True
INV04834,8,2022-01-22,2025-07-17,181.71428571428572,521,True
INV04838,7,2022-03-06,2024-08-04,147.0,291,True
INV04840,6,2023-07-13,2025-02-19,117.4,243,True
INV04841,8,2023-01-30,2025-07-30,130.28571428571428,245,True
INV04843,8,2022-02-22,2026-03-14,211.57142857142858,365,True
INV04844,6,2022-05-15,2025-11-14,255.8,543,True
INV04850,6,2022-11-06,2026-04-19,252.0,693,True
INV04855,7,2022-02-26,2026-04-23,252.83333333333334,495,True
INV04856,8,2022-05-12,2026-01-25,193.42857142857142,358,True
INV04857,6,2022-07-06,2026-01-22,259.2,405,True
INV04859,7,2022-12-31,2026-03-18,195.5,731,True
INV04860,6,2023-03-13,2026-01-17,208.2,505,True
INV04861,7,2024-05-04,2025-10-28,90.33333333333333,324,True
INV04864,7,2022-09-17,2025-09-25,184.0,511,True
INV04869,7,2022-04-08,2025-02-02,171.83333333333334,431,True
INV04874,7,2022-02-17,2025-04-17,192.5,490,True
INV04878,6,2022-08-17,2025-11-21,238.4,541,True
INV04879,6,2022-07-04,2025-03-22,198.4,423,True
INV04880,8,2022-10-19,2025-07-31,145.14285714285714,442,True
INV04887,8,2022-06-07,2025-12-29,185.85714285714286,497,True
INV04889,6,2022-09-13,2025-12-08,236.4,689,True
INV04890,6,2022-04-16,2026-02-15,280.2,438,True
INV04891,6,2022-01-30,2025-04-07,232.6,475,True
INV04892,9,2022-06-19,2025-07-20,140.875,448,True
INV04896,7,2023-01-13,2026-05-09,202.0,511,True
INV04907,7,2022-03-04,2026-02-22,241.83333333333334,796,True
INV04908,7,2022-03-16,2025-11-07,222.0,481,True
INV04909,8,2022-07-11,2025-08-24,162.85714285714286,348,True
INV04911,6,2022-08-01,2025-08-30,225.0,485,True
INV04913,7,2022-07-31,2025-10-15,195.33333333333334,345,True
INV04919,7,2022-02-10,2026-02-13,244.0,580,True
INV04921,7,2022-01-17,2025-05-28,204.5,667,True
INV04922,7,2022-07-27,2025-09-22,192.16666666666666,365,True
INV04925,7,2022-03-16,2024-10-21,158.33333333333334,524,True
INV04934,6,2022-04-25,2025-02-19,206.2,512,True
INV04935,6,2022-07-14,2026-01-27,258.6,515,True
INV04939,6,2022-05-03,2025-12-14,264.2,698,True
INV04941,9,2022-02-08,2025-04-18,145.625,565,True
INV04942,6,2022-09-26,2025-05-13,192.0,266,True
INV04943,7,2022-04-16,2025-11-19,218.83333333333334,832,True
INV04951,6,2022-11-27,2026-04-13,246.6,412,True
INV04957,8,2022-03-04,2025-08-17,180.28571428571428,420,True
INV04959,6,2023-07-16,2026-02-28,191.6,280,True
INV04960,7,2022-03-14,2025-01-16,173.16666666666666,339,True
INV04961,6,2022-04-15,2026-03-29,288.8,504,True
INV04963,8,2022-04-14,2025-08-22,175.14285714285714,864,True
INV04968,8,2022-06-21,2025-09-30,171.0,428,True
INV04969,6,2022-08-13,2026-04-08,266.8,595,True
INV04971,7,2022-03-16,2026-03-07,242.0,415,True
INV04973,6,2022-09-25,2026-03-06,251.6,402,True
INV04976,6,2022-02-08,2024-12-30,211.2,579,True
INV04977,6,2022-05-17,2024-10-30,179.4,412,True
INV04982,8,2022-07-06,2025-08-08,161.28571428571428,413,True
INV04983,6,2022-03-01,2025-12-20,278.0,817,True
INV04987,6,2023-06-25,2025-11-09,173.6,376,True
INV04990,8,2022-03-29,2025-08-14,176.28571428571428,374,True
INV04991,8,2022-02-27,2025-05-05,166.14285714285714,413,True
INV04993,7,2023-10-19,2026-05-12,156.0,311,True
INV04994,6,2022-06-27,2026-04-27,280.0,590,True
